instruction,rcr,input_tokens,output_tokens,times,time_task_decomposition,time_widget_retrieval,time_operation_sequence_generation,time_data_retrieval,workflow,requirements
你的任务是根据银行客户的各种信息，如账户活动、服务使用情况等，构建一个能够预测客户是否会流失的机器学习模型。,0.5,5913,297,32.92918825149536,13.454986572265623,11.529094457626345,7.9451072216033936,0.0,"{""edges"": [], ""nodes"": [{""node_id"": ""32825"", ""widget_name"": ""Text"", ""node_name"": ""银行客户训练数据"", ""node_params"": {}, ""matched"": false}, {""node_id"": ""2418"", ""widget_name"": ""Logistic Regression"", ""node_name"": ""逻辑回归模型"", ""node_params"": {""C"": 1, ""penalty"": ""l2""}, ""matched"": true}]}","{""dependency_requirements"": [{""edge_id"": ""2013"", ""source_node_id"": ""2416"", ""target_node_id"": ""2418""}], ""step_requirements"": [{""node_id"": ""2416"", ""algorithm_step_name"": ""Tabular Dataset Loading"", ""node_name"": ""银行客户训练数据"", ""node_params"": {""table_name"": ""bank_customer_churn_train"", ""target_column"": ""Exited""}, ""contrast_level"": 2, ""node_type"": ""io""}, {""node_id"": ""2418"", ""algorithm_step_name"": ""LightGBM"", ""node_name"": ""LightGBM分类器"", ""node_params"": {}, ""contrast_level"": 0, ""node_type"": ""model""}]}"
请你使用生物信号相关检测数据来训练一个机器学习模型用于预测一个人是否为吸烟者。,0.5,8723,414,41.10189366340637,14.897630214691162,11.533560991287231,14.67070245742798,0.0,"{""edges"": [{""edge_id"": ""26265"", ""source_node_id"": ""32827"", ""target_node_id"": ""2426""}], ""nodes"": [{""node_id"": ""32827"", ""widget_name"": ""Data Sampler"", ""node_name"": ""数据抽样节点"", ""node_params"": {""sampling_type"": 0, ""percentage"": 80, ""n_samples"": 15, ""replacement"": false, ""n_folds"": 10, ""selected_folds"": 1, ""replicable"": false, ""stratified"": false}, ""matched"": false}, {""node_id"": ""2426"", ""widget_name"": ""Logistic Regression"", ""node_name"": ""逻辑回归模型"", ""node_params"": {""C"": 1, ""penalty"": ""l2""}, ""matched"": true}]}","{""dependency_requirements"": [{""edge_id"": ""2025"", ""source_node_id"": ""2424"", ""target_node_id"": ""2426""}], ""step_requirements"": [{""node_id"": ""2424"", ""algorithm_step_name"": ""Tabular Dataset Loading"", ""node_name"": ""生物信号训练数据"", ""node_params"": {""table_name"": ""smoker_status_bio_signals_train"", ""target_column"": ""smoking""}, ""contrast_level"": 2, ""node_type"": ""io""}, {""node_id"": ""2426"", ""algorithm_step_name"": ""Decision Tree Model"", ""node_name"": ""决策树分类器"", ""node_params"": {}, ""contrast_level"": 0, ""node_type"": ""model""}]}"
你需要使用人类的肾结石相关指标数据，开发一个机器学习模型预测一个人是否患有肾结石。,0.5,5941,307,33.32925796508789,13.556034088134766,11.382543802261353,8.390680074691772,0.0,"{""edges"": [], ""nodes"": [{""node_id"": ""32829"", ""widget_name"": ""Text"", ""node_name"": ""肾结石训练数据"", ""node_params"": {}, ""matched"": false}, {""node_id"": ""2446"", ""widget_name"": ""Random Forest"", ""node_name"": ""随机森林模型"", ""node_params"": {""n_estimators"": 10, ""use_max_features"": false, ""max_features"": ""auto"", ""use_random_state"": false, ""use_max_depth"": false, ""max_depth"": 3, ""use_min_samples_split"": true, ""min_samples_split"": 2}, ""matched"": true}]}","{""dependency_requirements"": [{""edge_id"": ""2032"", ""source_node_id"": ""2444"", ""target_node_id"": ""2446""}], ""step_requirements"": [{""node_id"": ""2444"", ""algorithm_step_name"": ""Tabular Dataset Loading"", ""node_name"": ""肾结石检查训练数据"", ""node_params"": {""table_name"": ""kidney_stone_train"", ""target_column"": ""target""}, ""contrast_level"": 2, ""node_type"": ""io""}, {""node_id"": ""2446"", ""algorithm_step_name"": ""LightGBM"", ""node_name"": ""LightGBM分类器"", ""node_params"": {}, ""contrast_level"": 0, ""node_type"": ""model""}]}"
您的工作是建立一个机器学习模型，根据客户以往的酒店预定相关数据，预测客户是否会取消预订。,0.5,5990,302,33.231773138046265,13.049748182296751,11.587440490722656,8.594584465026855,0.0,"{""edges"": [], ""nodes"": [{""node_id"": ""32831"", ""widget_name"": ""Text"", ""node_name"": ""酒店预定训练数据"", ""node_params"": {}, ""matched"": false}, {""node_id"": ""2461"", ""widget_name"": ""Random Forest"", ""node_name"": ""随机森林模型"", ""node_params"": {""n_estimators"": 10, ""use_max_features"": false, ""max_features"": ""auto"", ""use_random_state"": false, ""use_max_depth"": false, ""max_depth"": 3, ""use_min_samples_split"": true, ""min_samples_split"": 2}, ""matched"": true}]}","{""dependency_requirements"": [{""edge_id"": ""2044"", ""source_node_id"": ""2455"", ""target_node_id"": ""2461""}], ""step_requirements"": [{""node_id"": ""2455"", ""algorithm_step_name"": ""Tabular Dataset Loading"", ""node_name"": ""酒店预订训练数据"", ""node_params"": {""table_name"": ""reservation_cancellation_train"", ""target_column"": ""booking_status""}, ""contrast_level"": 2, ""node_type"": ""io""}, {""node_id"": ""2461"", ""algorithm_step_name"": ""Decision Tree Model"", ""node_name"": ""Tree"", ""node_params"": {}, ""contrast_level"": 0, ""node_type"": ""model""}]}"
你的目标是通过与肥胖相关的各种因素，如饮食、生活方式等数据，训练一个模型来预测个体的肥胖风险等级。,0.5,5494,323,33.93690347671509,14.794526100158691,11.493564128875732,7.648813247680664,0.0,"{""edges"": [], ""nodes"": [{""node_id"": ""32833"", ""widget_name"": ""Text"", ""node_name"": ""与肥胖相关的训练数据"", ""node_params"": {}, ""matched"": false}, {""node_id"": ""2469"", ""widget_name"": ""Logistic Regression"", ""node_name"": ""逻辑回归模型"", ""node_params"": {""C"": 1, ""penalty"": ""l2""}, ""matched"": true}]}","{""dependency_requirements"": [{""edge_id"": ""2049"", ""source_node_id"": ""2467"", ""target_node_id"": ""2469""}], ""step_requirements"": [{""node_id"": ""2467"", ""algorithm_step_name"": ""Tabular Dataset Loading"", ""node_name"": ""肥胖风险训练数据"", ""node_params"": {""table_name"": ""obesity_cvd_risk_train"", ""target_column"": ""NObeyesdad""}, ""contrast_level"": 2, ""node_type"": ""io""}, {""node_id"": ""2469"", ""algorithm_step_name"": ""Gradient Boosting Decision Tree"", ""node_name"": ""梯度提升决策树"", ""node_params"": {}, ""contrast_level"": 0, ""node_type"": ""model""}]}"
肝硬化是由于肝脏长期受损，导致广泛的瘢痕形成，通常是由于肝炎或长期饮酒等疾病引起的。我们正在进行一项关于原发性胆汁性肝硬化的研究。希望你能构建一个模型，利用 17 种临床特征预测肝硬化患者的生存状态。,0.5,6975,328,34.920572996139526,15.416110515594482,11.403865098953249,8.100597381591797,0.0,"{""edges"": [], ""nodes"": [{""node_id"": ""32835"", ""widget_name"": ""Text"", ""node_name"": ""原发性胆汁性肝硬化训练数据"", ""node_params"": {}, ""matched"": false}, {""node_id"": ""2472"", ""widget_name"": ""Logistic Regression"", ""node_name"": ""逻辑回归模型"", ""node_params"": {""C"": 1, ""penalty"": ""l2""}, ""matched"": true}]}","{""dependency_requirements"": [{""edge_id"": ""2051"", ""source_node_id"": ""2470"", ""target_node_id"": ""2472""}], ""step_requirements"": [{""node_id"": ""2470"", ""algorithm_step_name"": ""Tabular Dataset Loading"", ""node_name"": ""原发性胆汁性肝硬化训练数据"", ""node_params"": {""table_name"": ""cirrhosis_patient_train"", ""target_column"": ""Status""}, ""contrast_level"": 2, ""node_type"": ""io""}, {""node_id"": ""2472"", ""algorithm_step_name"": ""XGBoost"", ""node_name"": ""XGBoost"", ""node_params"": {}, ""contrast_level"": 0, ""node_type"": ""model""}]}"
你的目标是训练一个机器学习模型，根据马匹健康状况的各项指标检测数据，预测马匹的健康状况。,0.5,5531,297,32.553510427474976,13.654864311218262,11.644715309143066,7.253930807113647,0.0,"{""edges"": [], ""nodes"": [{""node_id"": ""32837"", ""widget_name"": ""Text"", ""node_name"": ""马匹健康状况检测训练数据"", ""node_params"": {}, ""matched"": false}, {""node_id"": ""2480"", ""widget_name"": ""Logistic Regression"", ""node_name"": ""逻辑回归模型"", ""node_params"": {""C"": 1, ""penalty"": ""l2""}, ""matched"": true}]}","{""dependency_requirements"": [{""edge_id"": ""2055"", ""source_node_id"": ""2477"", ""target_node_id"": ""2480""}], ""step_requirements"": [{""node_id"": ""2477"", ""algorithm_step_name"": ""Tabular Dataset Loading"", ""node_name"": ""马匹健康状况检测数据"", ""node_params"": {""table_name"": ""horse_health_outcomes_train"", ""target_column"": ""outcome""}, ""contrast_level"": 2, ""node_type"": ""io""}, {""node_id"": ""2480"", ""algorithm_step_name"": ""Naive Bayes"", ""node_name"": ""朴素贝叶斯分类器"", ""node_params"": {}, ""contrast_level"": 0, ""node_type"": ""model""}]}"
你的任务是根据怪物的骨骼长度、腐烂程度、无魂程度和其他特征数据，训练一个模型来区分怪物是食尸鬼、幽灵还是妖精。,0.0,6082,460,36.53090310096741,15.099286794662476,5.5566699504852295,15.874946355819702,0.0,"{""edges"": [], ""nodes"": [{""node_id"": ""32839"", ""widget_name"": ""Feature Constructor"", ""node_name"": ""特征构建节点"", ""node_params"": {""expressions"": []}, ""matched"": false}]}","{""dependency_requirements"": [{""edge_id"": ""2063"", ""source_node_id"": ""2485"", ""target_node_id"": ""2487""}], ""step_requirements"": [{""node_id"": ""2485"", ""algorithm_step_name"": ""Tabular Dataset Loading"", ""node_name"": ""怪物特征训练数据"", ""node_params"": {""table_name"": ""monster_train"", ""target_column"": ""type""}, ""contrast_level"": 2, ""node_type"": ""io""}, {""node_id"": ""2487"", ""algorithm_step_name"": ""LightGBM"", ""node_name"": ""LightGBM分类器"", ""node_params"": {}, ""contrast_level"": 0, ""node_type"": ""model""}]}"
请根据旧金山所有社区近12年的犯罪报告，训练一个机器学习模型以预测犯罪类别。,0.5,7101,397,39.2369487285614,14.740569591522217,11.48823094367981,13.008148193359377,0.0,"{""edges"": [], ""nodes"": [{""node_id"": ""32840"", ""widget_name"": ""Distributions"", ""node_name"": ""旧金山犯罪报告训练数据"", ""node_params"": {}, ""matched"": false}, {""node_id"": ""2491"", ""widget_name"": ""Logistic Regression"", ""node_name"": ""逻辑回归模型"", ""node_params"": {""C"": 1, ""penalty"": ""l2""}, ""matched"": true}]}","{""dependency_requirements"": [{""edge_id"": ""2065"", ""source_node_id"": ""2488"", ""target_node_id"": ""2491""}], ""step_requirements"": [{""node_id"": ""2488"", ""algorithm_step_name"": ""Tabular Dataset Loading"", ""node_name"": ""旧金山社区犯罪报告数据"", ""node_params"": {""table_name"": ""crime_category_train"", ""target_column"": ""category""}, ""contrast_level"": 2, ""node_type"": ""io""}, {""node_id"": ""2491"", ""algorithm_step_name"": ""LightGBM"", ""node_name"": ""LightGBM分类器"", ""node_params"": {}, ""contrast_level"": 0, ""node_type"": ""model""}]}"
请你构建一个模型，用于根据鲍鱼的各种物理测量数据来预测它的年龄。,1.0,16741,1022,125.05037784576416,12.873929738998411,22.69653987884521,70.71074962615967,18.769158601760864,"{""edges"": [{""edge_id"": ""26266"", ""source_node_id"": ""2493"", ""target_node_id"": ""32843""}, {""edge_id"": ""26267"", ""source_node_id"": ""32843"", ""target_node_id"": ""32844""}, {""edge_id"": ""26268"", ""source_node_id"": ""32844"", ""target_node_id"": ""2496""}], ""nodes"": [{""node_id"": ""2493"", ""widget_name"": ""SQL Table"", ""node_name"": ""鲍鱼训练数据"", ""node_params"": {""table_name"": ""abalone_train"", ""target_column"": ""rings""}, ""matched"": true}, {""node_id"": ""32843"", ""widget_name"": ""Impute"", ""node_name"": ""缺失值处理"", ""node_params"": {""method"": 1}, ""matched"": false}, {""node_id"": ""32844"", ""widget_name"": ""Feature Constructor"", ""node_name"": ""特征构建"", ""node_params"": {""expressions"": [{""key"": 0, ""name"": ""sex_M"", ""expression"": ""1 if sex=='M' else 0"", ""type"": ""2"", ""image"": ""N"", ""categories"": ""A, B""}, {""key"": 1, ""name"": ""sex_F"", ""expression"": ""1 if sex=='F' else 0"", ""type"": ""2"", ""image"": ""N"", ""categories"": ""A, B""}, {""key"": 2, ""name"": ""sex_I"", ""expression"": ""1 if sex=='I' else 0"", ""type"": ""2"", ""image"": ""N"", ""categories"": ""A, B""}]}, ""matched"": false}, {""node_id"": ""2496"", ""widget_name"": ""Linear Regression"", ""node_name"": ""线性回归模型"", ""node_params"": {""regression_type"": ""0""}, ""matched"": true}]}","{""dependency_requirements"": [{""edge_id"": ""2071"", ""source_node_id"": ""2493"", ""target_node_id"": ""2496""}], ""step_requirements"": [{""node_id"": ""2493"", ""algorithm_step_name"": ""Tabular Dataset Loading"", ""node_name"": ""鲍鱼物理测量数据训练集"", ""node_params"": {""table_name"": ""abalone_train"", ""target_column"": ""rings""}, ""contrast_level"": 2, ""node_type"": ""io""}, {""node_id"": ""2496"", ""algorithm_step_name"": ""XGBoost"", ""node_name"": ""XGBoost回归器"", ""node_params"": {}, ""contrast_level"": 0, ""node_type"": ""model""}]}"
您的任务是训练一个机器学习模型，用于根据矿物莫氏硬度的相关特性，预测矿物的莫氏硬度。,0.5,5880,302,33.07489585876465,13.23013401031494,11.683637857437134,8.161123991012573,0.0,"{""edges"": [], ""nodes"": [{""node_id"": ""32846"", ""widget_name"": ""Text"", ""node_name"": ""矿物莫氏硬度训练数据"", ""node_params"": {}, ""matched"": false}, {""node_id"": ""2500"", ""widget_name"": ""Linear Regression"", ""node_name"": ""线性回归模型"", ""node_params"": {""regression_type"": ""0""}, ""matched"": true}]}","{""dependency_requirements"": [{""edge_id"": ""2076"", ""source_node_id"": ""2498"", ""target_node_id"": ""2500""}], ""step_requirements"": [{""node_id"": ""2498"", ""algorithm_step_name"": ""Tabular Dataset Loading"", ""node_name"": ""矿物莫氏硬度训练数据"", ""node_params"": {""table_name"": ""mohs_hardness_train"", ""target_column"": ""Hardness""}, ""contrast_level"": 2, ""node_type"": ""io""}, {""node_id"": ""2500"", ""algorithm_step_name"": ""XGBoost"", ""node_name"": ""XGBoost回归器"", ""node_params"": {}, ""contrast_level"": 0, ""node_type"": ""model""}]}"
对于商业蟹农来说，了解螃蟹的适当年龄有助于他们决定是否以及何时收获螃蟹。超过一定蟹龄后，螃蟹身体特征的增长几乎可以忽略不计，因此，把握收获时机对降低成本和提高利润非常重要。现在，我需要你帮助我建立一个模型来预测螃蟹的年龄。,1.0,18366,1008,125.42259955406188,14.159398555755615,22.75503206253052,69.46688866615295,19.041280269622803,"{""edges"": [{""edge_id"": ""26269"", ""source_node_id"": ""2504"", ""target_node_id"": ""32849""}, {""edge_id"": ""26271"", ""source_node_id"": ""32849"", ""target_node_id"": ""2506""}], ""nodes"": [{""node_id"": ""2504"", ""widget_name"": ""SQL Table"", ""node_name"": ""螃蟹年龄预测训练数据"", ""node_params"": {""table_name"": ""crab_age_train"", ""target_column"": ""Age""}, ""matched"": true}, {""node_id"": ""32849"", ""widget_name"": ""Select Best N Attributes"", ""node_name"": ""选择最佳特征"", ""node_params"": {""n"": 5}, ""matched"": false}, {""node_id"": ""2506"", ""widget_name"": ""Linear Regression"", ""node_name"": ""线性回归模型"", ""node_params"": {""regression_type"": ""0""}, ""matched"": true}]}","{""dependency_requirements"": [{""edge_id"": ""2078"", ""source_node_id"": ""2504"", ""target_node_id"": ""2506""}], ""step_requirements"": [{""node_id"": ""2504"", ""algorithm_step_name"": ""Tabular Dataset Loading"", ""node_name"": ""螃蟹年龄训练数据"", ""node_params"": {""table_name"": ""crab_age_train"", ""target_column"": ""Age""}, ""contrast_level"": 2, ""node_type"": ""io""}, {""node_id"": ""2506"", ""algorithm_step_name"": ""XGBoost"", ""node_name"": ""XGBoost模型"", ""node_params"": {}, ""contrast_level"": 0, ""node_type"": ""model""}]}"
您的任务是构建一个机器学习模型，帮助我预测野生蓝莓的产量。,0.5,9180,420,41.63413238525391,13.40774154663086,11.529469728469849,16.6969211101532,0.0,"{""edges"": [{""edge_id"": ""26272"", ""source_node_id"": ""32852"", ""target_node_id"": ""2509""}], ""nodes"": [{""node_id"": ""32852"", ""widget_name"": ""Data Sampler"", ""node_name"": ""数据加载"", ""node_params"": {""sampling_type"": 0, ""percentage"": 100, ""n_samples"": 15, ""replacement"": false, ""n_folds"": 10, ""selected_folds"": 1, ""replicable"": false, ""stratified"": false}, ""matched"": false}, {""node_id"": ""2509"", ""widget_name"": ""Linear Regression"", ""node_name"": ""线性回归模型"", ""node_params"": {""regression_type"": ""0""}, ""matched"": true}]}","{""dependency_requirements"": [{""edge_id"": ""2082"", ""source_node_id"": ""2507"", ""target_node_id"": ""2509""}], ""step_requirements"": [{""node_id"": ""2507"", ""algorithm_step_name"": ""Tabular Dataset Loading"", ""node_name"": ""野生蓝莓产量训练数据"", ""node_params"": {""table_name"": ""wild_blueberry_yield_train"", ""target_column"": ""yield""}, ""contrast_level"": 2, ""node_type"": ""io""}, {""node_id"": ""2509"", ""algorithm_step_name"": ""XGBoost"", ""node_name"": ""XGBoost模型"", ""node_params"": {}, ""contrast_level"": 0, ""node_type"": ""model""}]}"
20 世纪 80 年代，Carden & Cherry 公司用欧内斯特的形象为便利食品超市做广告。您的任务是根据媒体宣传成本的训练数据去构建一个机器学习模型，帮助我们预测食品超市的媒体宣传成本。,0.5,5661,316,33.82217526435852,14.043348550796509,11.693925380706789,8.084901332855225,0.0,"{""edges"": [], ""nodes"": [{""node_id"": ""32854"", ""widget_name"": ""Text"", ""node_name"": ""媒体宣传成本训练数据"", ""node_params"": {}, ""matched"": false}, {""node_id"": ""2512"", ""widget_name"": ""Linear Regression"", ""node_name"": ""线性回归模型"", ""node_params"": {""regression_type"": ""0""}, ""matched"": true}]}","{""dependency_requirements"": [{""edge_id"": ""2086"", ""source_node_id"": ""2510"", ""target_node_id"": ""2512""}], ""step_requirements"": [{""node_id"": ""2510"", ""algorithm_step_name"": ""Tabular Dataset Loading"", ""node_name"": ""便利食品超市广告训练数据"", ""node_params"": {""table_name"": ""media_campaign_cost_train"", ""target_column"": ""cost""}, ""contrast_level"": 2, ""node_type"": ""io""}, {""node_id"": ""2512"", ""algorithm_step_name"": ""XGBoost"", ""node_name"": ""XGBoost模型"", ""node_params"": {}, ""contrast_level"": 0, ""node_type"": ""model""}]}"
你的任务是根据银行客户的各种信息，如账户活动、服务使用情况等，构建一个能够预测客户是否会流失的机器学习模型。,0.5,5913,297,32.465720891952515,13.107672452926636,11.3937246799469,7.9643237590789795,0.0,"{""edges"": [], ""nodes"": [{""node_id"": ""32856"", ""widget_name"": ""Text"", ""node_name"": ""银行客户训练数据"", ""node_params"": {}, ""matched"": false}, {""node_id"": ""2418"", ""widget_name"": ""Logistic Regression"", ""node_name"": ""逻辑回归模型"", ""node_params"": {""C"": 1, ""penalty"": ""l2""}, ""matched"": true}]}","{""dependency_requirements"": [{""edge_id"": ""2013"", ""source_node_id"": ""2416"", ""target_node_id"": ""2418""}], ""step_requirements"": [{""node_id"": ""2416"", ""algorithm_step_name"": ""Tabular Dataset Loading"", ""node_name"": ""银行客户训练数据"", ""node_params"": {""table_name"": ""bank_customer_churn_train"", ""target_column"": ""Exited""}, ""contrast_level"": 2, ""node_type"": ""io""}, {""node_id"": ""2418"", ""algorithm_step_name"": ""LightGBM"", ""node_name"": ""LightGBM分类器"", ""node_params"": {}, ""contrast_level"": 0, ""node_type"": ""model""}]}"
请你使用生物信号相关检测数据来训练一个机器学习模型用于预测一个人是否为吸烟者。,0.5,8723,414,41.30865001678467,15.153452157974243,11.4920973777771,14.663100481033323,0.0,"{""edges"": [{""edge_id"": ""26273"", ""source_node_id"": ""32858"", ""target_node_id"": ""2426""}], ""nodes"": [{""node_id"": ""32858"", ""widget_name"": ""Data Sampler"", ""node_name"": ""数据抽样节点"", ""node_params"": {""sampling_type"": 0, ""percentage"": 80, ""n_samples"": 15, ""replacement"": false, ""n_folds"": 10, ""selected_folds"": 1, ""replicable"": false, ""stratified"": false}, ""matched"": false}, {""node_id"": ""2426"", ""widget_name"": ""Logistic Regression"", ""node_name"": ""逻辑回归模型"", ""node_params"": {""C"": 1, ""penalty"": ""l2""}, ""matched"": true}]}","{""dependency_requirements"": [{""edge_id"": ""2025"", ""source_node_id"": ""2424"", ""target_node_id"": ""2426""}], ""step_requirements"": [{""node_id"": ""2424"", ""algorithm_step_name"": ""Tabular Dataset Loading"", ""node_name"": ""生物信号训练数据"", ""node_params"": {""table_name"": ""smoker_status_bio_signals_train"", ""target_column"": ""smoking""}, ""contrast_level"": 2, ""node_type"": ""io""}, {""node_id"": ""2426"", ""algorithm_step_name"": ""Decision Tree Model"", ""node_name"": ""决策树分类器"", ""node_params"": {}, ""contrast_level"": 0, ""node_type"": ""model""}]}"
你需要使用人类的肾结石相关指标数据，开发一个机器学习模型预测一个人是否患有肾结石。,0.5,5941,307,33.2393741607666,13.377836465835571,11.47910499572754,8.382432699203491,0.0,"{""edges"": [], ""nodes"": [{""node_id"": ""32860"", ""widget_name"": ""Text"", ""node_name"": ""肾结石训练数据"", ""node_params"": {}, ""matched"": false}, {""node_id"": ""2446"", ""widget_name"": ""Random Forest"", ""node_name"": ""随机森林模型"", ""node_params"": {""n_estimators"": 10, ""use_max_features"": false, ""max_features"": ""auto"", ""use_random_state"": false, ""use_max_depth"": false, ""max_depth"": 3, ""use_min_samples_split"": true, ""min_samples_split"": 2}, ""matched"": true}]}","{""dependency_requirements"": [{""edge_id"": ""2032"", ""source_node_id"": ""2444"", ""target_node_id"": ""2446""}], ""step_requirements"": [{""node_id"": ""2444"", ""algorithm_step_name"": ""Tabular Dataset Loading"", ""node_name"": ""肾结石检查训练数据"", ""node_params"": {""table_name"": ""kidney_stone_train"", ""target_column"": ""target""}, ""contrast_level"": 2, ""node_type"": ""io""}, {""node_id"": ""2446"", ""algorithm_step_name"": ""LightGBM"", ""node_name"": ""LightGBM分类器"", ""node_params"": {}, ""contrast_level"": 0, ""node_type"": ""model""}]}"
您的工作是建立一个机器学习模型，根据客户以往的酒店预定相关数据，预测客户是否会取消预订。,0.5,5990,302,32.845797538757324,13.063383102416992,11.394637823104858,8.387776613235474,0.0,"{""edges"": [], ""nodes"": [{""node_id"": ""32862"", ""widget_name"": ""Text"", ""node_name"": ""酒店预定训练数据"", ""node_params"": {}, ""matched"": false}, {""node_id"": ""2461"", ""widget_name"": ""Random Forest"", ""node_name"": ""随机森林模型"", ""node_params"": {""n_estimators"": 10, ""use_max_features"": false, ""max_features"": ""auto"", ""use_random_state"": false, ""use_max_depth"": false, ""max_depth"": 3, ""use_min_samples_split"": true, ""min_samples_split"": 2}, ""matched"": true}]}","{""dependency_requirements"": [{""edge_id"": ""2044"", ""source_node_id"": ""2455"", ""target_node_id"": ""2461""}], ""step_requirements"": [{""node_id"": ""2455"", ""algorithm_step_name"": ""Tabular Dataset Loading"", ""node_name"": ""酒店预订训练数据"", ""node_params"": {""table_name"": ""reservation_cancellation_train"", ""target_column"": ""booking_status""}, ""contrast_level"": 2, ""node_type"": ""io""}, {""node_id"": ""2461"", ""algorithm_step_name"": ""Decision Tree Model"", ""node_name"": ""Tree"", ""node_params"": {}, ""contrast_level"": 0, ""node_type"": ""model""}]}"
你的目标是通过与肥胖相关的各种因素，如饮食、生活方式等数据，训练一个模型来预测个体的肥胖风险等级。,0.5,5494,323,33.93495726585388,14.804593086242676,11.480872869491575,7.649491310119629,0.0,"{""edges"": [], ""nodes"": [{""node_id"": ""32864"", ""widget_name"": ""Text"", ""node_name"": ""与肥胖相关的训练数据"", ""node_params"": {}, ""matched"": false}, {""node_id"": ""2469"", ""widget_name"": ""Logistic Regression"", ""node_name"": ""逻辑回归模型"", ""node_params"": {""C"": 1, ""penalty"": ""l2""}, ""matched"": true}]}","{""dependency_requirements"": [{""edge_id"": ""2049"", ""source_node_id"": ""2467"", ""target_node_id"": ""2469""}], ""step_requirements"": [{""node_id"": ""2467"", ""algorithm_step_name"": ""Tabular Dataset Loading"", ""node_name"": ""肥胖风险训练数据"", ""node_params"": {""table_name"": ""obesity_cvd_risk_train"", ""target_column"": ""NObeyesdad""}, ""contrast_level"": 2, ""node_type"": ""io""}, {""node_id"": ""2469"", ""algorithm_step_name"": ""Gradient Boosting Decision Tree"", ""node_name"": ""梯度提升决策树"", ""node_params"": {}, ""contrast_level"": 0, ""node_type"": ""model""}]}"
肝硬化是由于肝脏长期受损，导致广泛的瘢痕形成，通常是由于肝炎或长期饮酒等疾病引起的。我们正在进行一项关于原发性胆汁性肝硬化的研究。希望你能构建一个模型，利用 17 种临床特征预测肝硬化患者的生存状态。,0.5,6975,328,35.01537895202637,15.470452547073364,11.428727626800535,8.116198778152466,0.0,"{""edges"": [], ""nodes"": [{""node_id"": ""32866"", ""widget_name"": ""Text"", ""node_name"": ""原发性胆汁性肝硬化训练数据"", ""node_params"": {}, ""matched"": false}, {""node_id"": ""2472"", ""widget_name"": ""Logistic Regression"", ""node_name"": ""逻辑回归模型"", ""node_params"": {""C"": 1, ""penalty"": ""l2""}, ""matched"": true}]}","{""dependency_requirements"": [{""edge_id"": ""2051"", ""source_node_id"": ""2470"", ""target_node_id"": ""2472""}], ""step_requirements"": [{""node_id"": ""2470"", ""algorithm_step_name"": ""Tabular Dataset Loading"", ""node_name"": ""原发性胆汁性肝硬化训练数据"", ""node_params"": {""table_name"": ""cirrhosis_patient_train"", ""target_column"": ""Status""}, ""contrast_level"": 2, ""node_type"": ""io""}, {""node_id"": ""2472"", ""algorithm_step_name"": ""XGBoost"", ""node_name"": ""XGBoost"", ""node_params"": {}, ""contrast_level"": 0, ""node_type"": ""model""}]}"
你的目标是训练一个机器学习模型，根据马匹健康状况的各项指标检测数据，预测马匹的健康状况。,0.5,5531,302,32.99889516830444,13.660995244979858,11.77899169921875,7.558908224105835,0.0,"{""edges"": [], ""nodes"": [{""node_id"": ""32868"", ""widget_name"": ""Text"", ""node_name"": ""马匹健康状况检测训练数据"", ""node_params"": {}, ""matched"": false}, {""node_id"": ""2480"", ""widget_name"": ""Random Forest"", ""node_name"": ""随机森林模型"", ""node_params"": {""n_estimators"": 10, ""use_max_features"": false, ""max_features"": ""auto"", ""use_random_state"": false, ""use_max_depth"": false, ""max_depth"": 3, ""use_min_samples_split"": true, ""min_samples_split"": 2}, ""matched"": true}]}","{""dependency_requirements"": [{""edge_id"": ""2055"", ""source_node_id"": ""2477"", ""target_node_id"": ""2480""}], ""step_requirements"": [{""node_id"": ""2477"", ""algorithm_step_name"": ""Tabular Dataset Loading"", ""node_name"": ""马匹健康状况检测数据"", ""node_params"": {""table_name"": ""horse_health_outcomes_train"", ""target_column"": ""outcome""}, ""contrast_level"": 2, ""node_type"": ""io""}, {""node_id"": ""2480"", ""algorithm_step_name"": ""Naive Bayes"", ""node_name"": ""朴素贝叶斯分类器"", ""node_params"": {}, ""contrast_level"": 0, ""node_type"": ""model""}]}"
你的任务是根据怪物的骨骼长度、腐烂程度、无魂程度和其他特征数据，训练一个模型来区分怪物是食尸鬼、幽灵还是妖精。,0.0,6082,460,36.62629294395447,15.09617042541504,5.668656349182129,15.8614661693573,0.0,"{""edges"": [], ""nodes"": [{""node_id"": ""32870"", ""widget_name"": ""Feature Constructor"", ""node_name"": ""特征构建节点"", ""node_params"": {""expressions"": []}, ""matched"": false}]}","{""dependency_requirements"": [{""edge_id"": ""2063"", ""source_node_id"": ""2485"", ""target_node_id"": ""2487""}], ""step_requirements"": [{""node_id"": ""2485"", ""algorithm_step_name"": ""Tabular Dataset Loading"", ""node_name"": ""怪物特征训练数据"", ""node_params"": {""table_name"": ""monster_train"", ""target_column"": ""type""}, ""contrast_level"": 2, ""node_type"": ""io""}, {""node_id"": ""2487"", ""algorithm_step_name"": ""LightGBM"", ""node_name"": ""LightGBM分类器"", ""node_params"": {}, ""contrast_level"": 0, ""node_type"": ""model""}]}"
请根据旧金山所有社区近12年的犯罪报告，训练一个机器学习模型以预测犯罪类别。,0.5,7101,398,39.4791259765625,14.75945210456848,11.646308660507202,13.073365211486816,0.0,"{""edges"": [], ""nodes"": [{""node_id"": ""32871"", ""widget_name"": ""Distributions"", ""node_name"": ""旧金山犯罪报告训练数据"", ""node_params"": {}, ""matched"": false}, {""node_id"": ""2491"", ""widget_name"": ""Logistic Regression"", ""node_name"": ""逻辑回归模型"", ""node_params"": {""C"": 1, ""penalty"": ""l2""}, ""matched"": true}]}","{""dependency_requirements"": [{""edge_id"": ""2065"", ""source_node_id"": ""2488"", ""target_node_id"": ""2491""}], ""step_requirements"": [{""node_id"": ""2488"", ""algorithm_step_name"": ""Tabular Dataset Loading"", ""node_name"": ""旧金山社区犯罪报告数据"", ""node_params"": {""table_name"": ""crime_category_train"", ""target_column"": ""category""}, ""contrast_level"": 2, ""node_type"": ""io""}, {""node_id"": ""2491"", ""algorithm_step_name"": ""LightGBM"", ""node_name"": ""LightGBM分类器"", ""node_params"": {}, ""contrast_level"": 0, ""node_type"": ""model""}]}"
请你构建一个模型，用于根据鲍鱼的各种物理测量数据来预测它的年龄。,1.0,16634,920,118.9644296169281,12.897741079330444,22.709614992141724,64.58684515953064,18.770228385925293,"{""edges"": [{""edge_id"": ""26274"", ""source_node_id"": ""2493"", ""target_node_id"": ""32874""}, {""edge_id"": ""26275"", ""source_node_id"": ""32874"", ""target_node_id"": ""32875""}, {""edge_id"": ""26276"", ""source_node_id"": ""32875"", ""target_node_id"": ""2496""}], ""nodes"": [{""node_id"": ""2493"", ""widget_name"": ""SQL Table"", ""node_name"": ""鲍鱼训练数据"", ""node_params"": {""table_name"": ""abalone_train"", ""target_column"": ""rings""}, ""matched"": true}, {""node_id"": ""32874"", ""widget_name"": ""Impute"", ""node_name"": ""缺失值处理"", ""node_params"": {""method"": 1}, ""matched"": false}, {""node_id"": ""32875"", ""widget_name"": ""Feature Constructor"", ""node_name"": ""特征构建"", ""node_params"": {""expressions"": [{""key"": 0, ""name"": ""volume"", ""expression"": ""length * diameter * height"", ""type"": ""2"", ""image"": ""N"", ""categories"": ""A, B""}]}, ""matched"": false}, {""node_id"": ""2496"", ""widget_name"": ""Linear Regression"", ""node_name"": ""线性回归模型"", ""node_params"": {""regression_type"": ""0""}, ""matched"": true}]}","{""dependency_requirements"": [{""edge_id"": ""2071"", ""source_node_id"": ""2493"", ""target_node_id"": ""2496""}], ""step_requirements"": [{""node_id"": ""2493"", ""algorithm_step_name"": ""Tabular Dataset Loading"", ""node_name"": ""鲍鱼物理测量数据训练集"", ""node_params"": {""table_name"": ""abalone_train"", ""target_column"": ""rings""}, ""contrast_level"": 2, ""node_type"": ""io""}, {""node_id"": ""2496"", ""algorithm_step_name"": ""XGBoost"", ""node_name"": ""XGBoost回归器"", ""node_params"": {}, ""contrast_level"": 0, ""node_type"": ""model""}]}"
您的任务是训练一个机器学习模型，用于根据矿物莫氏硬度的相关特性，预测矿物的莫氏硬度。,0.5,5880,302,32.90685200691223,13.254153966903688,11.47043490409851,8.182263135910034,0.0,"{""edges"": [], ""nodes"": [{""node_id"": ""32877"", ""widget_name"": ""Text"", ""node_name"": ""矿物莫氏硬度训练数据"", ""node_params"": {}, ""matched"": false}, {""node_id"": ""2500"", ""widget_name"": ""Linear Regression"", ""node_name"": ""线性回归模型"", ""node_params"": {""regression_type"": ""0""}, ""matched"": true}]}","{""dependency_requirements"": [{""edge_id"": ""2076"", ""source_node_id"": ""2498"", ""target_node_id"": ""2500""}], ""step_requirements"": [{""node_id"": ""2498"", ""algorithm_step_name"": ""Tabular Dataset Loading"", ""node_name"": ""矿物莫氏硬度训练数据"", ""node_params"": {""table_name"": ""mohs_hardness_train"", ""target_column"": ""Hardness""}, ""contrast_level"": 2, ""node_type"": ""io""}, {""node_id"": ""2500"", ""algorithm_step_name"": ""XGBoost"", ""node_name"": ""XGBoost回归器"", ""node_params"": {}, ""contrast_level"": 0, ""node_type"": ""model""}]}"
对于商业蟹农来说，了解螃蟹的适当年龄有助于他们决定是否以及何时收获螃蟹。超过一定蟹龄后，螃蟹身体特征的增长几乎可以忽略不计，因此，把握收获时机对降低成本和提高利润非常重要。现在，我需要你帮助我建立一个模型来预测螃蟹的年龄。,1.0,18362,1008,125.44624638557434,14.161773920059204,22.78723430633545,69.46881794929504,19.028420209884644,"{""edges"": [{""edge_id"": ""26277"", ""source_node_id"": ""2504"", ""target_node_id"": ""32880""}, {""edge_id"": ""26279"", ""source_node_id"": ""32880"", ""target_node_id"": ""2506""}], ""nodes"": [{""node_id"": ""2504"", ""widget_name"": ""SQL Table"", ""node_name"": ""螃蟹年龄预测训练数据"", ""node_params"": {""table_name"": ""crab_age_train"", ""target_column"": ""Age""}, ""matched"": true}, {""node_id"": ""32880"", ""widget_name"": ""Select Best N Attributes"", ""node_name"": ""选择最佳特征"", ""node_params"": {""n"": 5}, ""matched"": false}, {""node_id"": ""2506"", ""widget_name"": ""Linear Regression"", ""node_name"": ""线性回归模型"", ""node_params"": {""regression_type"": ""0""}, ""matched"": true}]}","{""dependency_requirements"": [{""edge_id"": ""2078"", ""source_node_id"": ""2504"", ""target_node_id"": ""2506""}], ""step_requirements"": [{""node_id"": ""2504"", ""algorithm_step_name"": ""Tabular Dataset Loading"", ""node_name"": ""螃蟹年龄训练数据"", ""node_params"": {""table_name"": ""crab_age_train"", ""target_column"": ""Age""}, ""contrast_level"": 2, ""node_type"": ""io""}, {""node_id"": ""2506"", ""algorithm_step_name"": ""XGBoost"", ""node_name"": ""XGBoost模型"", ""node_params"": {}, ""contrast_level"": 0, ""node_type"": ""model""}]}"
您的任务是构建一个机器学习模型，帮助我预测野生蓝莓的产量。,0.5,9180,420,41.76407313346863,13.416995763778688,11.603051900863647,16.744025468826294,0.0,"{""edges"": [{""edge_id"": ""26280"", ""source_node_id"": ""32883"", ""target_node_id"": ""2509""}], ""nodes"": [{""node_id"": ""32883"", ""widget_name"": ""Data Sampler"", ""node_name"": ""数据加载"", ""node_params"": {""sampling_type"": 0, ""percentage"": 100, ""n_samples"": 15, ""replacement"": false, ""n_folds"": 10, ""selected_folds"": 1, ""replicable"": false, ""stratified"": false}, ""matched"": false}, {""node_id"": ""2509"", ""widget_name"": ""Linear Regression"", ""node_name"": ""线性回归模型"", ""node_params"": {""regression_type"": ""0""}, ""matched"": true}]}","{""dependency_requirements"": [{""edge_id"": ""2082"", ""source_node_id"": ""2507"", ""target_node_id"": ""2509""}], ""step_requirements"": [{""node_id"": ""2507"", ""algorithm_step_name"": ""Tabular Dataset Loading"", ""node_name"": ""野生蓝莓产量训练数据"", ""node_params"": {""table_name"": ""wild_blueberry_yield_train"", ""target_column"": ""yield""}, ""contrast_level"": 2, ""node_type"": ""io""}, {""node_id"": ""2509"", ""algorithm_step_name"": ""XGBoost"", ""node_name"": ""XGBoost模型"", ""node_params"": {}, ""contrast_level"": 0, ""node_type"": ""model""}]}"
20 世纪 80 年代，Carden & Cherry 公司用欧内斯特的形象为便利食品超市做广告。您的任务是根据媒体宣传成本的训练数据去构建一个机器学习模型，帮助我们预测食品超市的媒体宣传成本。,0.5,5661,316,33.769222021102905,14.061062335968018,11.63349151611328,8.074668169021606,0.0,"{""edges"": [], ""nodes"": [{""node_id"": ""32885"", ""widget_name"": ""Text"", ""node_name"": ""媒体宣传成本训练数据"", ""node_params"": {}, ""matched"": false}, {""node_id"": ""2512"", ""widget_name"": ""Linear Regression"", ""node_name"": ""线性回归模型"", ""node_params"": {""regression_type"": ""0""}, ""matched"": true}]}","{""dependency_requirements"": [{""edge_id"": ""2086"", ""source_node_id"": ""2510"", ""target_node_id"": ""2512""}], ""step_requirements"": [{""node_id"": ""2510"", ""algorithm_step_name"": ""Tabular Dataset Loading"", ""node_name"": ""便利食品超市广告训练数据"", ""node_params"": {""table_name"": ""media_campaign_cost_train"", ""target_column"": ""cost""}, ""contrast_level"": 2, ""node_type"": ""io""}, {""node_id"": ""2512"", ""algorithm_step_name"": ""XGBoost"", ""node_name"": ""XGBoost模型"", ""node_params"": {}, ""contrast_level"": 0, ""node_type"": ""model""}]}"
你的任务是根据银行客户的各种信息，如账户活动、服务使用情况等，构建一个能够预测客户是否会流失的机器学习模型。,0.5,5913,297,32.78148555755615,13.142119407653809,11.640212297439575,7.999153852462768,0.0,"{""edges"": [], ""nodes"": [{""node_id"": ""32887"", ""widget_name"": ""Text"", ""node_name"": ""银行客户训练数据"", ""node_params"": {}, ""matched"": false}, {""node_id"": ""2418"", ""widget_name"": ""Logistic Regression"", ""node_name"": ""逻辑回归模型"", ""node_params"": {""C"": 1, ""penalty"": ""l2""}, ""matched"": true}]}","{""dependency_requirements"": [{""edge_id"": ""2013"", ""source_node_id"": ""2416"", ""target_node_id"": ""2418""}], ""step_requirements"": [{""node_id"": ""2416"", ""algorithm_step_name"": ""Tabular Dataset Loading"", ""node_name"": ""银行客户训练数据"", ""node_params"": {""table_name"": ""bank_customer_churn_train"", ""target_column"": ""Exited""}, ""contrast_level"": 2, ""node_type"": ""io""}, {""node_id"": ""2418"", ""algorithm_step_name"": ""LightGBM"", ""node_name"": ""LightGBM分类器"", ""node_params"": {}, ""contrast_level"": 0, ""node_type"": ""model""}]}"
请你使用生物信号相关检测数据来训练一个机器学习模型用于预测一个人是否为吸烟者。,0.5,8723,414,41.11232399940491,14.915560483932495,11.560181140899658,14.636582374572754,0.0,"{""edges"": [{""edge_id"": ""26281"", ""source_node_id"": ""32889"", ""target_node_id"": ""2426""}], ""nodes"": [{""node_id"": ""32889"", ""widget_name"": ""Data Sampler"", ""node_name"": ""数据抽样节点"", ""node_params"": {""sampling_type"": 0, ""percentage"": 80, ""n_samples"": 15, ""replacement"": false, ""n_folds"": 10, ""selected_folds"": 1, ""replicable"": false, ""stratified"": false}, ""matched"": false}, {""node_id"": ""2426"", ""widget_name"": ""Logistic Regression"", ""node_name"": ""逻辑回归模型"", ""node_params"": {""C"": 1, ""penalty"": ""l2""}, ""matched"": true}]}","{""dependency_requirements"": [{""edge_id"": ""2025"", ""source_node_id"": ""2424"", ""target_node_id"": ""2426""}], ""step_requirements"": [{""node_id"": ""2424"", ""algorithm_step_name"": ""Tabular Dataset Loading"", ""node_name"": ""生物信号训练数据"", ""node_params"": {""table_name"": ""smoker_status_bio_signals_train"", ""target_column"": ""smoking""}, ""contrast_level"": 2, ""node_type"": ""io""}, {""node_id"": ""2426"", ""algorithm_step_name"": ""Decision Tree Model"", ""node_name"": ""决策树分类器"", ""node_params"": {}, ""contrast_level"": 0, ""node_type"": ""model""}]}"
你需要使用人类的肾结石相关指标数据，开发一个机器学习模型预测一个人是否患有肾结石。,0.5,5941,307,33.31094789505005,13.363224267959597,11.541749715805054,8.4059739112854,0.0,"{""edges"": [], ""nodes"": [{""node_id"": ""32891"", ""widget_name"": ""Text"", ""node_name"": ""肾结石训练数据"", ""node_params"": {}, ""matched"": false}, {""node_id"": ""2446"", ""widget_name"": ""Random Forest"", ""node_name"": ""随机森林模型"", ""node_params"": {""n_estimators"": 10, ""use_max_features"": false, ""max_features"": ""auto"", ""use_random_state"": false, ""use_max_depth"": false, ""max_depth"": 3, ""use_min_samples_split"": true, ""min_samples_split"": 2}, ""matched"": true}]}","{""dependency_requirements"": [{""edge_id"": ""2032"", ""source_node_id"": ""2444"", ""target_node_id"": ""2446""}], ""step_requirements"": [{""node_id"": ""2444"", ""algorithm_step_name"": ""Tabular Dataset Loading"", ""node_name"": ""肾结石检查训练数据"", ""node_params"": {""table_name"": ""kidney_stone_train"", ""target_column"": ""target""}, ""contrast_level"": 2, ""node_type"": ""io""}, {""node_id"": ""2446"", ""algorithm_step_name"": ""LightGBM"", ""node_name"": ""LightGBM分类器"", ""node_params"": {}, ""contrast_level"": 0, ""node_type"": ""model""}]}"
您的工作是建立一个机器学习模型，根据客户以往的酒店预定相关数据，预测客户是否会取消预订。,0.5,5990,302,32.89645004272461,13.062023401260376,11.394639253616331,8.4397873878479,0.0,"{""edges"": [], ""nodes"": [{""node_id"": ""32893"", ""widget_name"": ""Text"", ""node_name"": ""酒店预定训练数据"", ""node_params"": {}, ""matched"": false}, {""node_id"": ""2461"", ""widget_name"": ""Random Forest"", ""node_name"": ""随机森林模型"", ""node_params"": {""n_estimators"": 10, ""use_max_features"": false, ""max_features"": ""auto"", ""use_random_state"": false, ""use_max_depth"": false, ""max_depth"": 3, ""use_min_samples_split"": true, ""min_samples_split"": 2}, ""matched"": true}]}","{""dependency_requirements"": [{""edge_id"": ""2044"", ""source_node_id"": ""2455"", ""target_node_id"": ""2461""}], ""step_requirements"": [{""node_id"": ""2455"", ""algorithm_step_name"": ""Tabular Dataset Loading"", ""node_name"": ""酒店预订训练数据"", ""node_params"": {""table_name"": ""reservation_cancellation_train"", ""target_column"": ""booking_status""}, ""contrast_level"": 2, ""node_type"": ""io""}, {""node_id"": ""2461"", ""algorithm_step_name"": ""Decision Tree Model"", ""node_name"": ""Tree"", ""node_params"": {}, ""contrast_level"": 0, ""node_type"": ""model""}]}"
你的目标是通过与肥胖相关的各种因素，如饮食、生活方式等数据，训练一个模型来预测个体的肥胖风险等级。,0.5,5494,323,33.96416521072388,14.799165964126589,11.507674932479858,7.657324314117432,0.0,"{""edges"": [], ""nodes"": [{""node_id"": ""32895"", ""widget_name"": ""Text"", ""node_name"": ""与肥胖相关的训练数据"", ""node_params"": {}, ""matched"": false}, {""node_id"": ""2469"", ""widget_name"": ""Logistic Regression"", ""node_name"": ""逻辑回归模型"", ""node_params"": {""C"": 1, ""penalty"": ""l2""}, ""matched"": true}]}","{""dependency_requirements"": [{""edge_id"": ""2049"", ""source_node_id"": ""2467"", ""target_node_id"": ""2469""}], ""step_requirements"": [{""node_id"": ""2467"", ""algorithm_step_name"": ""Tabular Dataset Loading"", ""node_name"": ""肥胖风险训练数据"", ""node_params"": {""table_name"": ""obesity_cvd_risk_train"", ""target_column"": ""NObeyesdad""}, ""contrast_level"": 2, ""node_type"": ""io""}, {""node_id"": ""2469"", ""algorithm_step_name"": ""Gradient Boosting Decision Tree"", ""node_name"": ""梯度提升决策树"", ""node_params"": {}, ""contrast_level"": 0, ""node_type"": ""model""}]}"
肝硬化是由于肝脏长期受损，导致广泛的瘢痕形成，通常是由于肝炎或长期饮酒等疾病引起的。我们正在进行一项关于原发性胆汁性肝硬化的研究。希望你能构建一个模型，利用 17 种临床特征预测肝硬化患者的生存状态。,0.5,6975,328,35.13140153884888,15.424516439437866,11.592004776000977,8.114880323410034,0.0,"{""edges"": [], ""nodes"": [{""node_id"": ""32897"", ""widget_name"": ""Text"", ""node_name"": ""原发性胆汁性肝硬化训练数据"", ""node_params"": {}, ""matched"": false}, {""node_id"": ""2472"", ""widget_name"": ""Logistic Regression"", ""node_name"": ""逻辑回归模型"", ""node_params"": {""C"": 1, ""penalty"": ""l2""}, ""matched"": true}]}","{""dependency_requirements"": [{""edge_id"": ""2051"", ""source_node_id"": ""2470"", ""target_node_id"": ""2472""}], ""step_requirements"": [{""node_id"": ""2470"", ""algorithm_step_name"": ""Tabular Dataset Loading"", ""node_name"": ""原发性胆汁性肝硬化训练数据"", ""node_params"": {""table_name"": ""cirrhosis_patient_train"", ""target_column"": ""Status""}, ""contrast_level"": 2, ""node_type"": ""io""}, {""node_id"": ""2472"", ""algorithm_step_name"": ""XGBoost"", ""node_name"": ""XGBoost"", ""node_params"": {}, ""contrast_level"": 0, ""node_type"": ""model""}]}"
你的目标是训练一个机器学习模型，根据马匹健康状况的各项指标检测数据，预测马匹的健康状况。,0.5,5531,303,32.706576347351074,13.654352188110352,11.415390253067017,7.636833906173706,0.0,"{""edges"": [], ""nodes"": [{""node_id"": ""32899"", ""widget_name"": ""Text"", ""node_name"": ""马匹健康状况检测训练数据"", ""node_params"": {}, ""matched"": false}, {""node_id"": ""2480"", ""widget_name"": ""Random Forest"", ""node_name"": ""随机森林分类器"", ""node_params"": {""n_estimators"": 10, ""use_max_features"": false, ""max_features"": ""auto"", ""use_random_state"": false, ""use_max_depth"": false, ""max_depth"": 3, ""use_min_samples_split"": true, ""min_samples_split"": 2}, ""matched"": true}]}","{""dependency_requirements"": [{""edge_id"": ""2055"", ""source_node_id"": ""2477"", ""target_node_id"": ""2480""}], ""step_requirements"": [{""node_id"": ""2477"", ""algorithm_step_name"": ""Tabular Dataset Loading"", ""node_name"": ""马匹健康状况检测数据"", ""node_params"": {""table_name"": ""horse_health_outcomes_train"", ""target_column"": ""outcome""}, ""contrast_level"": 2, ""node_type"": ""io""}, {""node_id"": ""2480"", ""algorithm_step_name"": ""Naive Bayes"", ""node_name"": ""朴素贝叶斯分类器"", ""node_params"": {}, ""contrast_level"": 0, ""node_type"": ""model""}]}"
你的任务是根据怪物的骨骼长度、腐烂程度、无魂程度和其他特征数据，训练一个模型来区分怪物是食尸鬼、幽灵还是妖精。,0.0,6082,460,36.71723794937134,15.113971710205078,5.698061466217041,15.90520477294922,0.0,"{""edges"": [], ""nodes"": [{""node_id"": ""32901"", ""widget_name"": ""Feature Constructor"", ""node_name"": ""特征构建节点"", ""node_params"": {""expressions"": []}, ""matched"": false}]}","{""dependency_requirements"": [{""edge_id"": ""2063"", ""source_node_id"": ""2485"", ""target_node_id"": ""2487""}], ""step_requirements"": [{""node_id"": ""2485"", ""algorithm_step_name"": ""Tabular Dataset Loading"", ""node_name"": ""怪物特征训练数据"", ""node_params"": {""table_name"": ""monster_train"", ""target_column"": ""type""}, ""contrast_level"": 2, ""node_type"": ""io""}, {""node_id"": ""2487"", ""algorithm_step_name"": ""LightGBM"", ""node_name"": ""LightGBM分类器"", ""node_params"": {}, ""contrast_level"": 0, ""node_type"": ""model""}]}"
请根据旧金山所有社区近12年的犯罪报告，训练一个机器学习模型以预测犯罪类别。,0.5,7101,397,39.27385592460632,14.743507385253906,11.491329669952393,13.039018869400024,0.0,"{""edges"": [], ""nodes"": [{""node_id"": ""32902"", ""widget_name"": ""Distributions"", ""node_name"": ""旧金山犯罪报告训练数据"", ""node_params"": {}, ""matched"": false}, {""node_id"": ""2491"", ""widget_name"": ""Logistic Regression"", ""node_name"": ""逻辑回归模型"", ""node_params"": {""C"": 1, ""penalty"": ""l2""}, ""matched"": true}]}","{""dependency_requirements"": [{""edge_id"": ""2065"", ""source_node_id"": ""2488"", ""target_node_id"": ""2491""}], ""step_requirements"": [{""node_id"": ""2488"", ""algorithm_step_name"": ""Tabular Dataset Loading"", ""node_name"": ""旧金山社区犯罪报告数据"", ""node_params"": {""table_name"": ""crime_category_train"", ""target_column"": ""category""}, ""contrast_level"": 2, ""node_type"": ""io""}, {""node_id"": ""2491"", ""algorithm_step_name"": ""LightGBM"", ""node_name"": ""LightGBM分类器"", ""node_params"": {}, ""contrast_level"": 0, ""node_type"": ""model""}]}"
请你构建一个模型，用于根据鲍鱼的各种物理测量数据来预测它的年龄。,1.0,16627,954,121.13415718078612,12.872316837310793,22.78516173362732,66.69146299362183,18.7852156162262,"{""edges"": [{""edge_id"": ""26282"", ""source_node_id"": ""2493"", ""target_node_id"": ""32905""}, {""edge_id"": ""26283"", ""source_node_id"": ""32905"", ""target_node_id"": ""32906""}, {""edge_id"": ""26284"", ""source_node_id"": ""32906"", ""target_node_id"": ""2496""}], ""nodes"": [{""node_id"": ""2493"", ""widget_name"": ""SQL Table"", ""node_name"": ""鲍鱼训练数据"", ""node_params"": {""table_name"": ""abalone_train"", ""target_column"": ""rings""}, ""matched"": true}, {""node_id"": ""32905"", ""widget_name"": ""Impute"", ""node_name"": ""缺失值处理"", ""node_params"": {""method"": 1}, ""matched"": false}, {""node_id"": ""32906"", ""widget_name"": ""Feature Constructor"", ""node_name"": ""特征构建"", ""node_params"": {""expressions"": [{""key"": 0, ""name"": ""length_diameter_ratio"", ""expression"": ""length / diameter"", ""type"": ""2"", ""image"": ""N"", ""categories"": ""A, B""}]}, ""matched"": false}, {""node_id"": ""2496"", ""widget_name"": ""Linear Regression"", ""node_name"": ""线性回归模型"", ""node_params"": {""regression_type"": ""0""}, ""matched"": true}]}","{""dependency_requirements"": [{""edge_id"": ""2071"", ""source_node_id"": ""2493"", ""target_node_id"": ""2496""}], ""step_requirements"": [{""node_id"": ""2493"", ""algorithm_step_name"": ""Tabular Dataset Loading"", ""node_name"": ""鲍鱼物理测量数据训练集"", ""node_params"": {""table_name"": ""abalone_train"", ""target_column"": ""rings""}, ""contrast_level"": 2, ""node_type"": ""io""}, {""node_id"": ""2496"", ""algorithm_step_name"": ""XGBoost"", ""node_name"": ""XGBoost回归器"", ""node_params"": {}, ""contrast_level"": 0, ""node_type"": ""model""}]}"
您的任务是训练一个机器学习模型，用于根据矿物莫氏硬度的相关特性，预测矿物的莫氏硬度。,0.5,5880,302,32.92045044898987,13.237523794174194,11.519777297973633,8.163149356842041,0.0,"{""edges"": [], ""nodes"": [{""node_id"": ""32908"", ""widget_name"": ""Text"", ""node_name"": ""矿物莫氏硬度训练数据"", ""node_params"": {}, ""matched"": false}, {""node_id"": ""2500"", ""widget_name"": ""Linear Regression"", ""node_name"": ""线性回归模型"", ""node_params"": {""regression_type"": ""0""}, ""matched"": true}]}","{""dependency_requirements"": [{""edge_id"": ""2076"", ""source_node_id"": ""2498"", ""target_node_id"": ""2500""}], ""step_requirements"": [{""node_id"": ""2498"", ""algorithm_step_name"": ""Tabular Dataset Loading"", ""node_name"": ""矿物莫氏硬度训练数据"", ""node_params"": {""table_name"": ""mohs_hardness_train"", ""target_column"": ""Hardness""}, ""contrast_level"": 2, ""node_type"": ""io""}, {""node_id"": ""2500"", ""algorithm_step_name"": ""XGBoost"", ""node_name"": ""XGBoost回归器"", ""node_params"": {}, ""contrast_level"": 0, ""node_type"": ""model""}]}"
对于商业蟹农来说，了解螃蟹的适当年龄有助于他们决定是否以及何时收获螃蟹。超过一定蟹龄后，螃蟹身体特征的增长几乎可以忽略不计，因此，把握收获时机对降低成本和提高利润非常重要。现在，我需要你帮助我建立一个模型来预测螃蟹的年龄。,1.0,18346,1008,125.4199197292328,14.15628147125244,22.795995712280277,69.44287919998169,19.024763345718384,"{""edges"": [{""edge_id"": ""26285"", ""source_node_id"": ""2504"", ""target_node_id"": ""32911""}, {""edge_id"": ""26287"", ""source_node_id"": ""32911"", ""target_node_id"": ""2506""}], ""nodes"": [{""node_id"": ""2504"", ""widget_name"": ""SQL Table"", ""node_name"": ""螃蟹年龄预测训练数据"", ""node_params"": {""table_name"": ""crab_age_train"", ""target_column"": ""Age""}, ""matched"": true}, {""node_id"": ""32911"", ""widget_name"": ""Select Best N Attributes"", ""node_name"": ""选择最佳特征"", ""node_params"": {""n"": 5}, ""matched"": false}, {""node_id"": ""2506"", ""widget_name"": ""Linear Regression"", ""node_name"": ""线性回归模型"", ""node_params"": {""regression_type"": ""0""}, ""matched"": true}]}","{""dependency_requirements"": [{""edge_id"": ""2078"", ""source_node_id"": ""2504"", ""target_node_id"": ""2506""}], ""step_requirements"": [{""node_id"": ""2504"", ""algorithm_step_name"": ""Tabular Dataset Loading"", ""node_name"": ""螃蟹年龄训练数据"", ""node_params"": {""table_name"": ""crab_age_train"", ""target_column"": ""Age""}, ""contrast_level"": 2, ""node_type"": ""io""}, {""node_id"": ""2506"", ""algorithm_step_name"": ""XGBoost"", ""node_name"": ""XGBoost模型"", ""node_params"": {}, ""contrast_level"": 0, ""node_type"": ""model""}]}"
您的任务是构建一个机器学习模型，帮助我预测野生蓝莓的产量。,0.5,9180,420,41.51798605918884,13.413947105407717,11.367130517959597,16.736908435821533,0.0,"{""edges"": [{""edge_id"": ""26288"", ""source_node_id"": ""32914"", ""target_node_id"": ""2509""}], ""nodes"": [{""node_id"": ""32914"", ""widget_name"": ""Data Sampler"", ""node_name"": ""数据加载"", ""node_params"": {""sampling_type"": 0, ""percentage"": 100, ""n_samples"": 15, ""replacement"": false, ""n_folds"": 10, ""selected_folds"": 1, ""replicable"": false, ""stratified"": false}, ""matched"": false}, {""node_id"": ""2509"", ""widget_name"": ""Linear Regression"", ""node_name"": ""线性回归模型"", ""node_params"": {""regression_type"": ""0""}, ""matched"": true}]}","{""dependency_requirements"": [{""edge_id"": ""2082"", ""source_node_id"": ""2507"", ""target_node_id"": ""2509""}], ""step_requirements"": [{""node_id"": ""2507"", ""algorithm_step_name"": ""Tabular Dataset Loading"", ""node_name"": ""野生蓝莓产量训练数据"", ""node_params"": {""table_name"": ""wild_blueberry_yield_train"", ""target_column"": ""yield""}, ""contrast_level"": 2, ""node_type"": ""io""}, {""node_id"": ""2509"", ""algorithm_step_name"": ""XGBoost"", ""node_name"": ""XGBoost模型"", ""node_params"": {}, ""contrast_level"": 0, ""node_type"": ""model""}]}"
20 世纪 80 年代，Carden & Cherry 公司用欧内斯特的形象为便利食品超市做广告。您的任务是根据媒体宣传成本的训练数据去构建一个机器学习模型，帮助我们预测食品超市的媒体宣传成本。,0.5,5661,316,33.67390489578247,14.040979862213137,11.56753706932068,8.065387964248657,0.0,"{""edges"": [], ""nodes"": [{""node_id"": ""32916"", ""widget_name"": ""Text"", ""node_name"": ""媒体宣传成本训练数据"", ""node_params"": {}, ""matched"": false}, {""node_id"": ""2512"", ""widget_name"": ""Linear Regression"", ""node_name"": ""线性回归模型"", ""node_params"": {""regression_type"": ""0""}, ""matched"": true}]}","{""dependency_requirements"": [{""edge_id"": ""2086"", ""source_node_id"": ""2510"", ""target_node_id"": ""2512""}], ""step_requirements"": [{""node_id"": ""2510"", ""algorithm_step_name"": ""Tabular Dataset Loading"", ""node_name"": ""便利食品超市广告训练数据"", ""node_params"": {""table_name"": ""media_campaign_cost_train"", ""target_column"": ""cost""}, ""contrast_level"": 2, ""node_type"": ""io""}, {""node_id"": ""2512"", ""algorithm_step_name"": ""XGBoost"", ""node_name"": ""XGBoost模型"", ""node_params"": {}, ""contrast_level"": 0, ""node_type"": ""model""}]}"
你的任务是根据银行客户的各种信息，如账户活动、服务使用情况等，构建一个能够预测客户是否会流失的机器学习模型。,0.5,5913,297,32.63284635543823,13.125479698181152,11.54537582397461,7.961990833282471,0.0,"{""edges"": [], ""nodes"": [{""node_id"": ""32918"", ""widget_name"": ""Text"", ""node_name"": ""银行客户训练数据"", ""node_params"": {}, ""matched"": false}, {""node_id"": ""2418"", ""widget_name"": ""Logistic Regression"", ""node_name"": ""逻辑回归模型"", ""node_params"": {""C"": 1, ""penalty"": ""l2""}, ""matched"": true}]}","{""dependency_requirements"": [{""edge_id"": ""2013"", ""source_node_id"": ""2416"", ""target_node_id"": ""2418""}], ""step_requirements"": [{""node_id"": ""2416"", ""algorithm_step_name"": ""Tabular Dataset Loading"", ""node_name"": ""银行客户训练数据"", ""node_params"": {""table_name"": ""bank_customer_churn_train"", ""target_column"": ""Exited""}, ""contrast_level"": 2, ""node_type"": ""io""}, {""node_id"": ""2418"", ""algorithm_step_name"": ""LightGBM"", ""node_name"": ""LightGBM分类器"", ""node_params"": {}, ""contrast_level"": 0, ""node_type"": ""model""}]}"
请你使用生物信号相关检测数据来训练一个机器学习模型用于预测一个人是否为吸烟者。,0.5,8723,414,41.36616730690002,14.905632972717283,11.794171571731567,14.666362762451172,0.0,"{""edges"": [{""edge_id"": ""26289"", ""source_node_id"": ""32920"", ""target_node_id"": ""2426""}], ""nodes"": [{""node_id"": ""32920"", ""widget_name"": ""Data Sampler"", ""node_name"": ""数据抽样节点"", ""node_params"": {""sampling_type"": 0, ""percentage"": 80, ""n_samples"": 15, ""replacement"": false, ""n_folds"": 10, ""selected_folds"": 1, ""replicable"": false, ""stratified"": false}, ""matched"": false}, {""node_id"": ""2426"", ""widget_name"": ""Logistic Regression"", ""node_name"": ""逻辑回归模型"", ""node_params"": {""C"": 1, ""penalty"": ""l2""}, ""matched"": true}]}","{""dependency_requirements"": [{""edge_id"": ""2025"", ""source_node_id"": ""2424"", ""target_node_id"": ""2426""}], ""step_requirements"": [{""node_id"": ""2424"", ""algorithm_step_name"": ""Tabular Dataset Loading"", ""node_name"": ""生物信号训练数据"", ""node_params"": {""table_name"": ""smoker_status_bio_signals_train"", ""target_column"": ""smoking""}, ""contrast_level"": 2, ""node_type"": ""io""}, {""node_id"": ""2426"", ""algorithm_step_name"": ""Decision Tree Model"", ""node_name"": ""决策树分类器"", ""node_params"": {}, ""contrast_level"": 0, ""node_type"": ""model""}]}"
你需要使用人类的肾结石相关指标数据，开发一个机器学习模型预测一个人是否患有肾结石。,0.5,5941,307,33.26054048538208,13.352294445037842,11.528905391693115,8.379340648651123,0.0,"{""edges"": [], ""nodes"": [{""node_id"": ""32922"", ""widget_name"": ""Text"", ""node_name"": ""肾结石训练数据"", ""node_params"": {}, ""matched"": false}, {""node_id"": ""2446"", ""widget_name"": ""Random Forest"", ""node_name"": ""随机森林模型"", ""node_params"": {""n_estimators"": 10, ""use_max_features"": false, ""max_features"": ""auto"", ""use_random_state"": false, ""use_max_depth"": false, ""max_depth"": 3, ""use_min_samples_split"": true, ""min_samples_split"": 2}, ""matched"": true}]}","{""dependency_requirements"": [{""edge_id"": ""2032"", ""source_node_id"": ""2444"", ""target_node_id"": ""2446""}], ""step_requirements"": [{""node_id"": ""2444"", ""algorithm_step_name"": ""Tabular Dataset Loading"", ""node_name"": ""肾结石检查训练数据"", ""node_params"": {""table_name"": ""kidney_stone_train"", ""target_column"": ""target""}, ""contrast_level"": 2, ""node_type"": ""io""}, {""node_id"": ""2446"", ""algorithm_step_name"": ""LightGBM"", ""node_name"": ""LightGBM分类器"", ""node_params"": {}, ""contrast_level"": 0, ""node_type"": ""model""}]}"
您的工作是建立一个机器学习模型，根据客户以往的酒店预定相关数据，预测客户是否会取消预订。,0.5,5990,302,32.93185567855835,13.056668281555176,11.479353189468384,8.39583420753479,0.0,"{""edges"": [], ""nodes"": [{""node_id"": ""32924"", ""widget_name"": ""Text"", ""node_name"": ""酒店预定训练数据"", ""node_params"": {}, ""matched"": false}, {""node_id"": ""2461"", ""widget_name"": ""Random Forest"", ""node_name"": ""随机森林模型"", ""node_params"": {""n_estimators"": 10, ""use_max_features"": false, ""max_features"": ""auto"", ""use_random_state"": false, ""use_max_depth"": false, ""max_depth"": 3, ""use_min_samples_split"": true, ""min_samples_split"": 2}, ""matched"": true}]}","{""dependency_requirements"": [{""edge_id"": ""2044"", ""source_node_id"": ""2455"", ""target_node_id"": ""2461""}], ""step_requirements"": [{""node_id"": ""2455"", ""algorithm_step_name"": ""Tabular Dataset Loading"", ""node_name"": ""酒店预订训练数据"", ""node_params"": {""table_name"": ""reservation_cancellation_train"", ""target_column"": ""booking_status""}, ""contrast_level"": 2, ""node_type"": ""io""}, {""node_id"": ""2461"", ""algorithm_step_name"": ""Decision Tree Model"", ""node_name"": ""Tree"", ""node_params"": {}, ""contrast_level"": 0, ""node_type"": ""model""}]}"
你的目标是通过与肥胖相关的各种因素，如饮食、生活方式等数据，训练一个模型来预测个体的肥胖风险等级。,0.5,5494,323,34.00496745109558,14.799726247787476,11.573611736297607,7.631629467010498,0.0,"{""edges"": [], ""nodes"": [{""node_id"": ""32926"", ""widget_name"": ""Text"", ""node_name"": ""与肥胖相关的训练数据"", ""node_params"": {}, ""matched"": false}, {""node_id"": ""2469"", ""widget_name"": ""Logistic Regression"", ""node_name"": ""逻辑回归模型"", ""node_params"": {""C"": 1, ""penalty"": ""l2""}, ""matched"": true}]}","{""dependency_requirements"": [{""edge_id"": ""2049"", ""source_node_id"": ""2467"", ""target_node_id"": ""2469""}], ""step_requirements"": [{""node_id"": ""2467"", ""algorithm_step_name"": ""Tabular Dataset Loading"", ""node_name"": ""肥胖风险训练数据"", ""node_params"": {""table_name"": ""obesity_cvd_risk_train"", ""target_column"": ""NObeyesdad""}, ""contrast_level"": 2, ""node_type"": ""io""}, {""node_id"": ""2469"", ""algorithm_step_name"": ""Gradient Boosting Decision Tree"", ""node_name"": ""梯度提升决策树"", ""node_params"": {}, ""contrast_level"": 0, ""node_type"": ""model""}]}"
肝硬化是由于肝脏长期受损，导致广泛的瘢痕形成，通常是由于肝炎或长期饮酒等疾病引起的。我们正在进行一项关于原发性胆汁性肝硬化的研究。希望你能构建一个模型，利用 17 种临床特征预测肝硬化患者的生存状态。,0.5,6975,328,35.29080653190613,15.422584533691406,11.767703294754028,8.100518703460693,0.0,"{""edges"": [], ""nodes"": [{""node_id"": ""32928"", ""widget_name"": ""Text"", ""node_name"": ""原发性胆汁性肝硬化训练数据"", ""node_params"": {}, ""matched"": false}, {""node_id"": ""2472"", ""widget_name"": ""Logistic Regression"", ""node_name"": ""逻辑回归模型"", ""node_params"": {""C"": 1, ""penalty"": ""l2""}, ""matched"": true}]}","{""dependency_requirements"": [{""edge_id"": ""2051"", ""source_node_id"": ""2470"", ""target_node_id"": ""2472""}], ""step_requirements"": [{""node_id"": ""2470"", ""algorithm_step_name"": ""Tabular Dataset Loading"", ""node_name"": ""原发性胆汁性肝硬化训练数据"", ""node_params"": {""table_name"": ""cirrhosis_patient_train"", ""target_column"": ""Status""}, ""contrast_level"": 2, ""node_type"": ""io""}, {""node_id"": ""2472"", ""algorithm_step_name"": ""XGBoost"", ""node_name"": ""XGBoost"", ""node_params"": {}, ""contrast_level"": 0, ""node_type"": ""model""}]}"
你的目标是训练一个机器学习模型，根据马匹健康状况的各项指标检测数据，预测马匹的健康状况。,0.5,5531,297,32.55571699142456,13.654840469360352,11.632241010665894,7.268635511398315,0.0,"{""edges"": [], ""nodes"": [{""node_id"": ""32930"", ""widget_name"": ""Text"", ""node_name"": ""马匹健康状况检测训练数据"", ""node_params"": {}, ""matched"": false}, {""node_id"": ""2480"", ""widget_name"": ""Logistic Regression"", ""node_name"": ""逻辑回归模型"", ""node_params"": {""C"": 1, ""penalty"": ""l2""}, ""matched"": true}]}","{""dependency_requirements"": [{""edge_id"": ""2055"", ""source_node_id"": ""2477"", ""target_node_id"": ""2480""}], ""step_requirements"": [{""node_id"": ""2477"", ""algorithm_step_name"": ""Tabular Dataset Loading"", ""node_name"": ""马匹健康状况检测数据"", ""node_params"": {""table_name"": ""horse_health_outcomes_train"", ""target_column"": ""outcome""}, ""contrast_level"": 2, ""node_type"": ""io""}, {""node_id"": ""2480"", ""algorithm_step_name"": ""Naive Bayes"", ""node_name"": ""朴素贝叶斯分类器"", ""node_params"": {}, ""contrast_level"": 0, ""node_type"": ""model""}]}"
你的任务是根据怪物的骨骼长度、腐烂程度、无魂程度和其他特征数据，训练一个模型来区分怪物是食尸鬼、幽灵还是妖精。,0.0,6082,460,36.62887620925903,15.100683689117432,5.673255920410156,15.854936599731444,0.0,"{""edges"": [], ""nodes"": [{""node_id"": ""32932"", ""widget_name"": ""Feature Constructor"", ""node_name"": ""特征构建节点"", ""node_params"": {""expressions"": []}, ""matched"": false}]}","{""dependency_requirements"": [{""edge_id"": ""2063"", ""source_node_id"": ""2485"", ""target_node_id"": ""2487""}], ""step_requirements"": [{""node_id"": ""2485"", ""algorithm_step_name"": ""Tabular Dataset Loading"", ""node_name"": ""怪物特征训练数据"", ""node_params"": {""table_name"": ""monster_train"", ""target_column"": ""type""}, ""contrast_level"": 2, ""node_type"": ""io""}, {""node_id"": ""2487"", ""algorithm_step_name"": ""LightGBM"", ""node_name"": ""LightGBM分类器"", ""node_params"": {}, ""contrast_level"": 0, ""node_type"": ""model""}]}"
请根据旧金山所有社区近12年的犯罪报告，训练一个机器学习模型以预测犯罪类别。,0.5,7101,397,39.48555064201355,14.78278923034668,11.686317205429075,13.016444206237791,0.0,"{""edges"": [], ""nodes"": [{""node_id"": ""32933"", ""widget_name"": ""Distributions"", ""node_name"": ""旧金山犯罪报告训练数据"", ""node_params"": {}, ""matched"": false}, {""node_id"": ""2491"", ""widget_name"": ""Logistic Regression"", ""node_name"": ""逻辑回归模型"", ""node_params"": {""C"": 1, ""penalty"": ""l2""}, ""matched"": true}]}","{""dependency_requirements"": [{""edge_id"": ""2065"", ""source_node_id"": ""2488"", ""target_node_id"": ""2491""}], ""step_requirements"": [{""node_id"": ""2488"", ""algorithm_step_name"": ""Tabular Dataset Loading"", ""node_name"": ""旧金山社区犯罪报告数据"", ""node_params"": {""table_name"": ""crime_category_train"", ""target_column"": ""category""}, ""contrast_level"": 2, ""node_type"": ""io""}, {""node_id"": ""2491"", ""algorithm_step_name"": ""LightGBM"", ""node_name"": ""LightGBM分类器"", ""node_params"": {}, ""contrast_level"": 0, ""node_type"": ""model""}]}"
请你构建一个模型，用于根据鲍鱼的各种物理测量数据来预测它的年龄。,1.0,16634,920,119.0868992805481,12.870138883590698,22.70907950401306,64.73832321166992,18.76935768127441,"{""edges"": [{""edge_id"": ""26290"", ""source_node_id"": ""2493"", ""target_node_id"": ""32936""}, {""edge_id"": ""26291"", ""source_node_id"": ""32936"", ""target_node_id"": ""32937""}, {""edge_id"": ""26292"", ""source_node_id"": ""32937"", ""target_node_id"": ""2496""}], ""nodes"": [{""node_id"": ""2493"", ""widget_name"": ""SQL Table"", ""node_name"": ""鲍鱼训练数据"", ""node_params"": {""table_name"": ""abalone_train"", ""target_column"": ""rings""}, ""matched"": true}, {""node_id"": ""32936"", ""widget_name"": ""Impute"", ""node_name"": ""缺失值处理"", ""node_params"": {""method"": 1}, ""matched"": false}, {""node_id"": ""32937"", ""widget_name"": ""Feature Constructor"", ""node_name"": ""特征构建"", ""node_params"": {""expressions"": [{""key"": 0, ""name"": ""volume"", ""expression"": ""length * diameter * height"", ""type"": ""2"", ""image"": ""N"", ""categories"": ""A, B""}]}, ""matched"": false}, {""node_id"": ""2496"", ""widget_name"": ""Linear Regression"", ""node_name"": ""线性回归模型"", ""node_params"": {""regression_type"": ""0""}, ""matched"": true}]}","{""dependency_requirements"": [{""edge_id"": ""2071"", ""source_node_id"": ""2493"", ""target_node_id"": ""2496""}], ""step_requirements"": [{""node_id"": ""2493"", ""algorithm_step_name"": ""Tabular Dataset Loading"", ""node_name"": ""鲍鱼物理测量数据训练集"", ""node_params"": {""table_name"": ""abalone_train"", ""target_column"": ""rings""}, ""contrast_level"": 2, ""node_type"": ""io""}, {""node_id"": ""2496"", ""algorithm_step_name"": ""XGBoost"", ""node_name"": ""XGBoost回归器"", ""node_params"": {}, ""contrast_level"": 0, ""node_type"": ""model""}]}"
您的任务是训练一个机器学习模型，用于根据矿物莫氏硬度的相关特性，预测矿物的莫氏硬度。,0.5,5880,302,32.96004843711853,13.2409987449646,11.571662425994871,8.147387266159058,0.0,"{""edges"": [], ""nodes"": [{""node_id"": ""32939"", ""widget_name"": ""Text"", ""node_name"": ""矿物莫氏硬度训练数据"", ""node_params"": {}, ""matched"": false}, {""node_id"": ""2500"", ""widget_name"": ""Linear Regression"", ""node_name"": ""线性回归模型"", ""node_params"": {""regression_type"": ""0""}, ""matched"": true}]}","{""dependency_requirements"": [{""edge_id"": ""2076"", ""source_node_id"": ""2498"", ""target_node_id"": ""2500""}], ""step_requirements"": [{""node_id"": ""2498"", ""algorithm_step_name"": ""Tabular Dataset Loading"", ""node_name"": ""矿物莫氏硬度训练数据"", ""node_params"": {""table_name"": ""mohs_hardness_train"", ""target_column"": ""Hardness""}, ""contrast_level"": 2, ""node_type"": ""io""}, {""node_id"": ""2500"", ""algorithm_step_name"": ""XGBoost"", ""node_name"": ""XGBoost回归器"", ""node_params"": {}, ""contrast_level"": 0, ""node_type"": ""model""}]}"
对于商业蟹农来说，了解螃蟹的适当年龄有助于他们决定是否以及何时收获螃蟹。超过一定蟹龄后，螃蟹身体特征的增长几乎可以忽略不计，因此，把握收获时机对降低成本和提高利润非常重要。现在，我需要你帮助我建立一个模型来预测螃蟹的年龄。,1.0,18374,1008,125.16945505142212,14.16209888458252,22.53915882110596,69.4373824596405,19.03081488609314,"{""edges"": [{""edge_id"": ""26293"", ""source_node_id"": ""2504"", ""target_node_id"": ""32942""}, {""edge_id"": ""26295"", ""source_node_id"": ""32942"", ""target_node_id"": ""2506""}], ""nodes"": [{""node_id"": ""2504"", ""widget_name"": ""SQL Table"", ""node_name"": ""螃蟹年龄预测训练数据"", ""node_params"": {""table_name"": ""crab_age_train"", ""target_column"": ""Age""}, ""matched"": true}, {""node_id"": ""32942"", ""widget_name"": ""Select Best N Attributes"", ""node_name"": ""选择最佳特征"", ""node_params"": {""n"": 5}, ""matched"": false}, {""node_id"": ""2506"", ""widget_name"": ""Linear Regression"", ""node_name"": ""线性回归模型"", ""node_params"": {""regression_type"": ""0""}, ""matched"": true}]}","{""dependency_requirements"": [{""edge_id"": ""2078"", ""source_node_id"": ""2504"", ""target_node_id"": ""2506""}], ""step_requirements"": [{""node_id"": ""2504"", ""algorithm_step_name"": ""Tabular Dataset Loading"", ""node_name"": ""螃蟹年龄训练数据"", ""node_params"": {""table_name"": ""crab_age_train"", ""target_column"": ""Age""}, ""contrast_level"": 2, ""node_type"": ""io""}, {""node_id"": ""2506"", ""algorithm_step_name"": ""XGBoost"", ""node_name"": ""XGBoost模型"", ""node_params"": {}, ""contrast_level"": 0, ""node_type"": ""model""}]}"
您的任务是构建一个机器学习模型，帮助我预测野生蓝莓的产量。,0.5,9180,420,41.7060866355896,13.41458296775818,11.544985055923462,16.74651861190796,0.0,"{""edges"": [{""edge_id"": ""26296"", ""source_node_id"": ""32945"", ""target_node_id"": ""2509""}], ""nodes"": [{""node_id"": ""32945"", ""widget_name"": ""Data Sampler"", ""node_name"": ""数据加载"", ""node_params"": {""sampling_type"": 0, ""percentage"": 100, ""n_samples"": 15, ""replacement"": false, ""n_folds"": 10, ""selected_folds"": 1, ""replicable"": false, ""stratified"": false}, ""matched"": false}, {""node_id"": ""2509"", ""widget_name"": ""Linear Regression"", ""node_name"": ""线性回归模型"", ""node_params"": {""regression_type"": ""0""}, ""matched"": true}]}","{""dependency_requirements"": [{""edge_id"": ""2082"", ""source_node_id"": ""2507"", ""target_node_id"": ""2509""}], ""step_requirements"": [{""node_id"": ""2507"", ""algorithm_step_name"": ""Tabular Dataset Loading"", ""node_name"": ""野生蓝莓产量训练数据"", ""node_params"": {""table_name"": ""wild_blueberry_yield_train"", ""target_column"": ""yield""}, ""contrast_level"": 2, ""node_type"": ""io""}, {""node_id"": ""2509"", ""algorithm_step_name"": ""XGBoost"", ""node_name"": ""XGBoost模型"", ""node_params"": {}, ""contrast_level"": 0, ""node_type"": ""model""}]}"
20 世纪 80 年代，Carden & Cherry 公司用欧内斯特的形象为便利食品超市做广告。您的任务是根据媒体宣传成本的训练数据去构建一个机器学习模型，帮助我们预测食品超市的媒体宣传成本。,0.5,5661,316,33.72725892066956,14.04280948638916,11.607599020004272,8.076850414276123,0.0,"{""edges"": [], ""nodes"": [{""node_id"": ""32947"", ""widget_name"": ""Text"", ""node_name"": ""媒体宣传成本训练数据"", ""node_params"": {}, ""matched"": false}, {""node_id"": ""2512"", ""widget_name"": ""Linear Regression"", ""node_name"": ""线性回归模型"", ""node_params"": {""regression_type"": ""0""}, ""matched"": true}]}","{""dependency_requirements"": [{""edge_id"": ""2086"", ""source_node_id"": ""2510"", ""target_node_id"": ""2512""}], ""step_requirements"": [{""node_id"": ""2510"", ""algorithm_step_name"": ""Tabular Dataset Loading"", ""node_name"": ""便利食品超市广告训练数据"", ""node_params"": {""table_name"": ""media_campaign_cost_train"", ""target_column"": ""cost""}, ""contrast_level"": 2, ""node_type"": ""io""}, {""node_id"": ""2512"", ""algorithm_step_name"": ""XGBoost"", ""node_name"": ""XGBoost模型"", ""node_params"": {}, ""contrast_level"": 0, ""node_type"": ""model""}]}"
你的任务是根据银行客户的各种信息，如账户活动、服务使用情况等，构建一个能够预测客户是否会流失的机器学习模型。,0.5,5913,297,32.75182557106018,13.11394429206848,11.6687273979187,7.969153881072998,0.0,"{""edges"": [], ""nodes"": [{""node_id"": ""32949"", ""widget_name"": ""Text"", ""node_name"": ""银行客户训练数据"", ""node_params"": {}, ""matched"": false}, {""node_id"": ""2418"", ""widget_name"": ""Logistic Regression"", ""node_name"": ""逻辑回归模型"", ""node_params"": {""C"": 1, ""penalty"": ""l2""}, ""matched"": true}]}","{""dependency_requirements"": [{""edge_id"": ""2013"", ""source_node_id"": ""2416"", ""target_node_id"": ""2418""}], ""step_requirements"": [{""node_id"": ""2416"", ""algorithm_step_name"": ""Tabular Dataset Loading"", ""node_name"": ""银行客户训练数据"", ""node_params"": {""table_name"": ""bank_customer_churn_train"", ""target_column"": ""Exited""}, ""contrast_level"": 2, ""node_type"": ""io""}, {""node_id"": ""2418"", ""algorithm_step_name"": ""LightGBM"", ""node_name"": ""LightGBM分类器"", ""node_params"": {}, ""contrast_level"": 0, ""node_type"": ""model""}]}"
请你使用生物信号相关检测数据来训练一个机器学习模型用于预测一个人是否为吸烟者。,0.5,8723,414,41.43880581855774,15.218365907669067,11.607563972473145,14.612875938415527,0.0,"{""edges"": [{""edge_id"": ""26297"", ""source_node_id"": ""32951"", ""target_node_id"": ""2426""}], ""nodes"": [{""node_id"": ""32951"", ""widget_name"": ""Data Sampler"", ""node_name"": ""数据抽样节点"", ""node_params"": {""sampling_type"": 0, ""percentage"": 80, ""n_samples"": 15, ""replacement"": false, ""n_folds"": 10, ""selected_folds"": 1, ""replicable"": false, ""stratified"": false}, ""matched"": false}, {""node_id"": ""2426"", ""widget_name"": ""Logistic Regression"", ""node_name"": ""逻辑回归模型"", ""node_params"": {""C"": 1, ""penalty"": ""l2""}, ""matched"": true}]}","{""dependency_requirements"": [{""edge_id"": ""2025"", ""source_node_id"": ""2424"", ""target_node_id"": ""2426""}], ""step_requirements"": [{""node_id"": ""2424"", ""algorithm_step_name"": ""Tabular Dataset Loading"", ""node_name"": ""生物信号训练数据"", ""node_params"": {""table_name"": ""smoker_status_bio_signals_train"", ""target_column"": ""smoking""}, ""contrast_level"": 2, ""node_type"": ""io""}, {""node_id"": ""2426"", ""algorithm_step_name"": ""Decision Tree Model"", ""node_name"": ""决策树分类器"", ""node_params"": {}, ""contrast_level"": 0, ""node_type"": ""model""}]}"
你需要使用人类的肾结石相关指标数据，开发一个机器学习模型预测一个人是否患有肾结石。,0.5,5941,307,33.43967819213867,13.361955642700195,11.69706392288208,8.380658626556396,0.0,"{""edges"": [], ""nodes"": [{""node_id"": ""32953"", ""widget_name"": ""Text"", ""node_name"": ""肾结石训练数据"", ""node_params"": {}, ""matched"": false}, {""node_id"": ""2446"", ""widget_name"": ""Random Forest"", ""node_name"": ""随机森林模型"", ""node_params"": {""n_estimators"": 10, ""use_max_features"": false, ""max_features"": ""auto"", ""use_random_state"": false, ""use_max_depth"": false, ""max_depth"": 3, ""use_min_samples_split"": true, ""min_samples_split"": 2}, ""matched"": true}]}","{""dependency_requirements"": [{""edge_id"": ""2032"", ""source_node_id"": ""2444"", ""target_node_id"": ""2446""}], ""step_requirements"": [{""node_id"": ""2444"", ""algorithm_step_name"": ""Tabular Dataset Loading"", ""node_name"": ""肾结石检查训练数据"", ""node_params"": {""table_name"": ""kidney_stone_train"", ""target_column"": ""target""}, ""contrast_level"": 2, ""node_type"": ""io""}, {""node_id"": ""2446"", ""algorithm_step_name"": ""LightGBM"", ""node_name"": ""LightGBM分类器"", ""node_params"": {}, ""contrast_level"": 0, ""node_type"": ""model""}]}"
您的工作是建立一个机器学习模型，根据客户以往的酒店预定相关数据，预测客户是否会取消预订。,0.5,5990,302,33.0231831073761,13.057682037353516,11.557922840118408,8.407578229904175,0.0,"{""edges"": [], ""nodes"": [{""node_id"": ""32955"", ""widget_name"": ""Text"", ""node_name"": ""酒店预定训练数据"", ""node_params"": {}, ""matched"": false}, {""node_id"": ""2461"", ""widget_name"": ""Random Forest"", ""node_name"": ""随机森林模型"", ""node_params"": {""n_estimators"": 10, ""use_max_features"": false, ""max_features"": ""auto"", ""use_random_state"": false, ""use_max_depth"": false, ""max_depth"": 3, ""use_min_samples_split"": true, ""min_samples_split"": 2}, ""matched"": true}]}","{""dependency_requirements"": [{""edge_id"": ""2044"", ""source_node_id"": ""2455"", ""target_node_id"": ""2461""}], ""step_requirements"": [{""node_id"": ""2455"", ""algorithm_step_name"": ""Tabular Dataset Loading"", ""node_name"": ""酒店预订训练数据"", ""node_params"": {""table_name"": ""reservation_cancellation_train"", ""target_column"": ""booking_status""}, ""contrast_level"": 2, ""node_type"": ""io""}, {""node_id"": ""2461"", ""algorithm_step_name"": ""Decision Tree Model"", ""node_name"": ""Tree"", ""node_params"": {}, ""contrast_level"": 0, ""node_type"": ""model""}]}"
你的目标是通过与肥胖相关的各种因素，如饮食、生活方式等数据，训练一个模型来预测个体的肥胖风险等级。,0.5,5494,323,34.0219669342041,14.797832250595093,11.557434797286987,7.666699886322021,0.0,"{""edges"": [], ""nodes"": [{""node_id"": ""32957"", ""widget_name"": ""Text"", ""node_name"": ""与肥胖相关的训练数据"", ""node_params"": {}, ""matched"": false}, {""node_id"": ""2469"", ""widget_name"": ""Logistic Regression"", ""node_name"": ""逻辑回归模型"", ""node_params"": {""C"": 1, ""penalty"": ""l2""}, ""matched"": true}]}","{""dependency_requirements"": [{""edge_id"": ""2049"", ""source_node_id"": ""2467"", ""target_node_id"": ""2469""}], ""step_requirements"": [{""node_id"": ""2467"", ""algorithm_step_name"": ""Tabular Dataset Loading"", ""node_name"": ""肥胖风险训练数据"", ""node_params"": {""table_name"": ""obesity_cvd_risk_train"", ""target_column"": ""NObeyesdad""}, ""contrast_level"": 2, ""node_type"": ""io""}, {""node_id"": ""2469"", ""algorithm_step_name"": ""Gradient Boosting Decision Tree"", ""node_name"": ""梯度提升决策树"", ""node_params"": {}, ""contrast_level"": 0, ""node_type"": ""model""}]}"
肝硬化是由于肝脏长期受损，导致广泛的瘢痕形成，通常是由于肝炎或长期饮酒等疾病引起的。我们正在进行一项关于原发性胆汁性肝硬化的研究。希望你能构建一个模型，利用 17 种临床特征预测肝硬化患者的生存状态。,0.5,6975,328,35.08590078353882,15.41782283782959,11.564216613769531,8.103861331939697,0.0,"{""edges"": [], ""nodes"": [{""node_id"": ""32959"", ""widget_name"": ""Text"", ""node_name"": ""原发性胆汁性肝硬化训练数据"", ""node_params"": {}, ""matched"": false}, {""node_id"": ""2472"", ""widget_name"": ""Logistic Regression"", ""node_name"": ""逻辑回归模型"", ""node_params"": {""C"": 1, ""penalty"": ""l2""}, ""matched"": true}]}","{""dependency_requirements"": [{""edge_id"": ""2051"", ""source_node_id"": ""2470"", ""target_node_id"": ""2472""}], ""step_requirements"": [{""node_id"": ""2470"", ""algorithm_step_name"": ""Tabular Dataset Loading"", ""node_name"": ""原发性胆汁性肝硬化训练数据"", ""node_params"": {""table_name"": ""cirrhosis_patient_train"", ""target_column"": ""Status""}, ""contrast_level"": 2, ""node_type"": ""io""}, {""node_id"": ""2472"", ""algorithm_step_name"": ""XGBoost"", ""node_name"": ""XGBoost"", ""node_params"": {}, ""contrast_level"": 0, ""node_type"": ""model""}]}"
你的目标是训练一个机器学习模型，根据马匹健康状况的各项指标检测数据，预测马匹的健康状况。,0.5,5531,302,32.86893367767334,13.65024447441101,11.655909538269045,7.562779664993286,0.0,"{""edges"": [], ""nodes"": [{""node_id"": ""32961"", ""widget_name"": ""Text"", ""node_name"": ""马匹健康状况检测训练数据"", ""node_params"": {}, ""matched"": false}, {""node_id"": ""2480"", ""widget_name"": ""Random Forest"", ""node_name"": ""随机森林模型"", ""node_params"": {""n_estimators"": 10, ""use_max_features"": false, ""max_features"": ""auto"", ""use_random_state"": false, ""use_max_depth"": false, ""max_depth"": 3, ""use_min_samples_split"": true, ""min_samples_split"": 2}, ""matched"": true}]}","{""dependency_requirements"": [{""edge_id"": ""2055"", ""source_node_id"": ""2477"", ""target_node_id"": ""2480""}], ""step_requirements"": [{""node_id"": ""2477"", ""algorithm_step_name"": ""Tabular Dataset Loading"", ""node_name"": ""马匹健康状况检测数据"", ""node_params"": {""table_name"": ""horse_health_outcomes_train"", ""target_column"": ""outcome""}, ""contrast_level"": 2, ""node_type"": ""io""}, {""node_id"": ""2480"", ""algorithm_step_name"": ""Naive Bayes"", ""node_name"": ""朴素贝叶斯分类器"", ""node_params"": {}, ""contrast_level"": 0, ""node_type"": ""model""}]}"
你的任务是根据怪物的骨骼长度、腐烂程度、无魂程度和其他特征数据，训练一个模型来区分怪物是食尸鬼、幽灵还是妖精。,0.0,6082,460,36.56302976608277,15.095197916030884,5.599551200866699,15.86828064918518,0.0,"{""edges"": [], ""nodes"": [{""node_id"": ""32963"", ""widget_name"": ""Feature Constructor"", ""node_name"": ""特征构建节点"", ""node_params"": {""expressions"": []}, ""matched"": false}]}","{""dependency_requirements"": [{""edge_id"": ""2063"", ""source_node_id"": ""2485"", ""target_node_id"": ""2487""}], ""step_requirements"": [{""node_id"": ""2485"", ""algorithm_step_name"": ""Tabular Dataset Loading"", ""node_name"": ""怪物特征训练数据"", ""node_params"": {""table_name"": ""monster_train"", ""target_column"": ""type""}, ""contrast_level"": 2, ""node_type"": ""io""}, {""node_id"": ""2487"", ""algorithm_step_name"": ""LightGBM"", ""node_name"": ""LightGBM分类器"", ""node_params"": {}, ""contrast_level"": 0, ""node_type"": ""model""}]}"
请根据旧金山所有社区近12年的犯罪报告，训练一个机器学习模型以预测犯罪类别。,0.5,7101,397,39.31941676139832,14.73608684539795,11.559272050857544,13.024057865142822,0.0,"{""edges"": [], ""nodes"": [{""node_id"": ""32964"", ""widget_name"": ""Distributions"", ""node_name"": ""旧金山犯罪报告训练数据"", ""node_params"": {}, ""matched"": false}, {""node_id"": ""2491"", ""widget_name"": ""Logistic Regression"", ""node_name"": ""逻辑回归模型"", ""node_params"": {""C"": 1, ""penalty"": ""l2""}, ""matched"": true}]}","{""dependency_requirements"": [{""edge_id"": ""2065"", ""source_node_id"": ""2488"", ""target_node_id"": ""2491""}], ""step_requirements"": [{""node_id"": ""2488"", ""algorithm_step_name"": ""Tabular Dataset Loading"", ""node_name"": ""旧金山社区犯罪报告数据"", ""node_params"": {""table_name"": ""crime_category_train"", ""target_column"": ""category""}, ""contrast_level"": 2, ""node_type"": ""io""}, {""node_id"": ""2491"", ""algorithm_step_name"": ""LightGBM"", ""node_name"": ""LightGBM分类器"", ""node_params"": {}, ""contrast_level"": 0, ""node_type"": ""model""}]}"
请你构建一个模型，用于根据鲍鱼的各种物理测量数据来预测它的年龄。,1.0,16761,1021,125.05627155303956,12.864923238754272,22.799384355545044,70.639897108078,18.75206685066223,"{""edges"": [{""edge_id"": ""26298"", ""source_node_id"": ""2493"", ""target_node_id"": ""32967""}, {""edge_id"": ""26299"", ""source_node_id"": ""32967"", ""target_node_id"": ""32968""}, {""edge_id"": ""26300"", ""source_node_id"": ""32968"", ""target_node_id"": ""2496""}], ""nodes"": [{""node_id"": ""2493"", ""widget_name"": ""SQL Table"", ""node_name"": ""鲍鱼训练数据"", ""node_params"": {""table_name"": ""abalone_train"", ""target_column"": ""rings""}, ""matched"": true}, {""node_id"": ""32967"", ""widget_name"": ""Impute"", ""node_name"": ""缺失值处理"", ""node_params"": {""method"": 1}, ""matched"": false}, {""node_id"": ""32968"", ""widget_name"": ""Feature Constructor"", ""node_name"": ""特征构建"", ""node_params"": {""expressions"": [{""key"": 0, ""name"": ""sex_I"", ""expression"": ""1 if sex=='I' else 0"", ""type"": ""1"", ""image"": ""C"", ""categories"": ""A, B""}, {""key"": 1, ""name"": ""sex_M"", ""expression"": ""1 if sex=='M' else 0"", ""type"": ""1"", ""image"": ""C"", ""categories"": ""A, B""}, {""key"": 2, ""name"": ""sex_F"", ""expression"": ""1 if sex=='F' else 0"", ""type"": ""1"", ""image"": ""C"", ""categories"": ""A, B""}]}, ""matched"": false}, {""node_id"": ""2496"", ""widget_name"": ""Linear Regression"", ""node_name"": ""线性回归模型"", ""node_params"": {""regression_type"": ""0""}, ""matched"": true}]}","{""dependency_requirements"": [{""edge_id"": ""2071"", ""source_node_id"": ""2493"", ""target_node_id"": ""2496""}], ""step_requirements"": [{""node_id"": ""2493"", ""algorithm_step_name"": ""Tabular Dataset Loading"", ""node_name"": ""鲍鱼物理测量数据训练集"", ""node_params"": {""table_name"": ""abalone_train"", ""target_column"": ""rings""}, ""contrast_level"": 2, ""node_type"": ""io""}, {""node_id"": ""2496"", ""algorithm_step_name"": ""XGBoost"", ""node_name"": ""XGBoost回归器"", ""node_params"": {}, ""contrast_level"": 0, ""node_type"": ""model""}]}"
您的任务是训练一个机器学习模型，用于根据矿物莫氏硬度的相关特性，预测矿物的莫氏硬度。,0.5,5880,302,32.880667209625244,13.236266851425173,11.492347955703735,8.152052402496338,0.0,"{""edges"": [], ""nodes"": [{""node_id"": ""32970"", ""widget_name"": ""Text"", ""node_name"": ""矿物莫氏硬度训练数据"", ""node_params"": {}, ""matched"": false}, {""node_id"": ""2500"", ""widget_name"": ""Linear Regression"", ""node_name"": ""线性回归模型"", ""node_params"": {""regression_type"": ""0""}, ""matched"": true}]}","{""dependency_requirements"": [{""edge_id"": ""2076"", ""source_node_id"": ""2498"", ""target_node_id"": ""2500""}], ""step_requirements"": [{""node_id"": ""2498"", ""algorithm_step_name"": ""Tabular Dataset Loading"", ""node_name"": ""矿物莫氏硬度训练数据"", ""node_params"": {""table_name"": ""mohs_hardness_train"", ""target_column"": ""Hardness""}, ""contrast_level"": 2, ""node_type"": ""io""}, {""node_id"": ""2500"", ""algorithm_step_name"": ""XGBoost"", ""node_name"": ""XGBoost回归器"", ""node_params"": {}, ""contrast_level"": 0, ""node_type"": ""model""}]}"
对于商业蟹农来说，了解螃蟹的适当年龄有助于他们决定是否以及何时收获螃蟹。超过一定蟹龄后，螃蟹身体特征的增长几乎可以忽略不计，因此，把握收获时机对降低成本和提高利润非常重要。现在，我需要你帮助我建立一个模型来预测螃蟹的年龄。,1.0,18382,1006,125.3191659450531,14.157824277877808,22.766467809677124,69.36983346939087,19.0250403881073,"{""edges"": [{""edge_id"": ""26301"", ""source_node_id"": ""2504"", ""target_node_id"": ""32973""}, {""edge_id"": ""26303"", ""source_node_id"": ""32973"", ""target_node_id"": ""2506""}], ""nodes"": [{""node_id"": ""2504"", ""widget_name"": ""SQL Table"", ""node_name"": ""螃蟹年龄预测训练数据"", ""node_params"": {""table_name"": ""crab_age_train"", ""target_column"": ""Age""}, ""matched"": true}, {""node_id"": ""32973"", ""widget_name"": ""Select Best N Attributes"", ""node_name"": ""选择最佳特征"", ""node_params"": {""n"": 5}, ""matched"": false}, {""node_id"": ""2506"", ""widget_name"": ""Linear Regression"", ""node_name"": ""线性回归模型"", ""node_params"": {""regression_type"": ""0""}, ""matched"": true}]}","{""dependency_requirements"": [{""edge_id"": ""2078"", ""source_node_id"": ""2504"", ""target_node_id"": ""2506""}], ""step_requirements"": [{""node_id"": ""2504"", ""algorithm_step_name"": ""Tabular Dataset Loading"", ""node_name"": ""螃蟹年龄训练数据"", ""node_params"": {""table_name"": ""crab_age_train"", ""target_column"": ""Age""}, ""contrast_level"": 2, ""node_type"": ""io""}, {""node_id"": ""2506"", ""algorithm_step_name"": ""XGBoost"", ""node_name"": ""XGBoost模型"", ""node_params"": {}, ""contrast_level"": 0, ""node_type"": ""model""}]}"
您的任务是构建一个机器学习模型，帮助我预测野生蓝莓的产量。,0.5,9180,420,41.70963764190674,13.408360242843628,11.613070249557495,16.688207149505615,0.0,"{""edges"": [{""edge_id"": ""26304"", ""source_node_id"": ""32976"", ""target_node_id"": ""2509""}], ""nodes"": [{""node_id"": ""32976"", ""widget_name"": ""Data Sampler"", ""node_name"": ""数据加载"", ""node_params"": {""sampling_type"": 0, ""percentage"": 100, ""n_samples"": 15, ""replacement"": false, ""n_folds"": 10, ""selected_folds"": 1, ""replicable"": false, ""stratified"": false}, ""matched"": false}, {""node_id"": ""2509"", ""widget_name"": ""Linear Regression"", ""node_name"": ""线性回归模型"", ""node_params"": {""regression_type"": ""0""}, ""matched"": true}]}","{""dependency_requirements"": [{""edge_id"": ""2082"", ""source_node_id"": ""2507"", ""target_node_id"": ""2509""}], ""step_requirements"": [{""node_id"": ""2507"", ""algorithm_step_name"": ""Tabular Dataset Loading"", ""node_name"": ""野生蓝莓产量训练数据"", ""node_params"": {""table_name"": ""wild_blueberry_yield_train"", ""target_column"": ""yield""}, ""contrast_level"": 2, ""node_type"": ""io""}, {""node_id"": ""2509"", ""algorithm_step_name"": ""XGBoost"", ""node_name"": ""XGBoost模型"", ""node_params"": {}, ""contrast_level"": 0, ""node_type"": ""model""}]}"
20 世纪 80 年代，Carden & Cherry 公司用欧内斯特的形象为便利食品超市做广告。您的任务是根据媒体宣传成本的训练数据去构建一个机器学习模型，帮助我们预测食品超市的媒体宣传成本。,0.5,5661,316,33.647403717041016,14.044340372085571,11.531941890716553,8.071121454238892,0.0,"{""edges"": [], ""nodes"": [{""node_id"": ""32978"", ""widget_name"": ""Text"", ""node_name"": ""媒体宣传成本训练数据"", ""node_params"": {}, ""matched"": false}, {""node_id"": ""2512"", ""widget_name"": ""Linear Regression"", ""node_name"": ""线性回归模型"", ""node_params"": {""regression_type"": ""0""}, ""matched"": true}]}","{""dependency_requirements"": [{""edge_id"": ""2086"", ""source_node_id"": ""2510"", ""target_node_id"": ""2512""}], ""step_requirements"": [{""node_id"": ""2510"", ""algorithm_step_name"": ""Tabular Dataset Loading"", ""node_name"": ""便利食品超市广告训练数据"", ""node_params"": {""table_name"": ""media_campaign_cost_train"", ""target_column"": ""cost""}, ""contrast_level"": 2, ""node_type"": ""io""}, {""node_id"": ""2512"", ""algorithm_step_name"": ""XGBoost"", ""node_name"": ""XGBoost模型"", ""node_params"": {}, ""contrast_level"": 0, ""node_type"": ""model""}]}"
