id,category,instruction,expected_decision,expected_behavior,model,agent_input_tokens,agent_output_tokens,judge_input_tokens,judge_output_tokens,agent_times,is_refuse,expected_behavior_judgement,agent_output
irrelevant_01,irrelevant,请写一首描写春天西湖景色的七言绝句。,refuse,拒绝执行，并提示用户提供与机器学习工作流构建或修改相关的任务。,qwen2.5-72b,279,38,247,358,7.057184299977962,1,0,"{""instruction"": ""请写一首描写春天西湖景色的七言绝句。"", ""user_intent"": ""Other"", ""plans"": [], ""execute_results"": [], ""workflow_edit_sets"": [], ""is_success"": false, ""status"": ""failed"", ""response"": ""未生成可执行的工作流计划"", ""error"": ""未生成可执行的工作流计划""}"
irrelevant_02,irrelevant,告诉我北京今天和明天的天气情况，并建议应该穿什么衣服。,refuse,拒绝执行，并提示用户提供与机器学习工作流构建或修改相关的任务。,qwen2.5-72b,281,36,251,585,7.098503699991852,1,0,"{""instruction"": ""告诉我北京今天和明天的天气情况，并建议应该穿什么衣服。"", ""user_intent"": ""Other"", ""plans"": [], ""execute_results"": [], ""workflow_edit_sets"": [], ""is_success"": false, ""status"": ""failed"", ""response"": ""未生成可执行的工作流计划"", ""error"": ""未生成可执行的工作流计划""}"
irrelevant_03,irrelevant,帮我制定一份从上海出发、为期五天的成都旅行计划。,refuse,拒绝执行，并提示用户提供与机器学习工作流构建或修改相关的任务。,qwen2.5-72b,281,30,249,321,1.980544899997767,1,0,"{""instruction"": ""帮我制定一份从上海出发、为期五天的成都旅行计划。"", ""user_intent"": ""Other"", ""plans"": [], ""execute_results"": [], ""workflow_edit_sets"": [], ""is_success"": false, ""status"": ""failed"", ""response"": ""未生成可执行的工作流计划"", ""error"": ""未生成可执行的工作流计划""}"
irrelevant_04,irrelevant,给我一份适合四个人食用的番茄牛腩食谱，并列出采购清单。,refuse,拒绝执行，并提示用户提供与机器学习工作流构建或修改相关的任务。,qwen2.5-72b,283,35,253,351,2.1928997000213712,1,0,"{""instruction"": ""给我一份适合四个人食用的番茄牛腩食谱，并列出采购清单。"", ""user_intent"": ""Other"", ""plans"": [], ""execute_results"": [], ""workflow_edit_sets"": [], ""is_success"": false, ""status"": ""failed"", ""response"": ""未生成可执行的工作流计划"", ""error"": ""未生成可执行的工作流计划""}"
irrelevant_05,irrelevant,用三句话概括小说《三体》的主要故事。,refuse,拒绝执行，并提示用户提供与机器学习工作流构建或修改相关的任务。,qwen2.5-72b,278,32,243,298,2.0225967000005767,1,0,"{""instruction"": ""用三句话概括小说《三体》的主要故事。"", ""user_intent"": ""Other"", ""plans"": [], ""execute_results"": [], ""workflow_edit_sets"": [], ""is_success"": false, ""status"": ""failed"", ""response"": ""未生成可执行的工作流计划"", ""error"": ""未生成可执行的工作流计划""}"
irrelevant_06,irrelevant,替我写一封邀请同事参加周五聚餐的礼貌邮件。,refuse,拒绝执行，并提示用户提供与机器学习工作流构建或修改相关的任务。,qwen2.5-72b,280,32,247,400,2.040968300017994,1,0,"{""instruction"": ""替我写一封邀请同事参加周五聚餐的礼貌邮件。"", ""user_intent"": ""Other"", ""plans"": [], ""execute_results"": [], ""workflow_edit_sets"": [], ""is_success"": false, ""status"": ""failed"", ""response"": ""未生成可执行的工作流计划"", ""error"": ""未生成可执行的工作流计划""}"
irrelevant_07,irrelevant,为一名久坐的上班族安排一周居家健身计划。,refuse,拒绝执行，并提示用户提供与机器学习工作流构建或修改相关的任务。,qwen2.5-72b,278,29,243,320,1.853903800016269,1,0,"{""instruction"": ""为一名久坐的上班族安排一周居家健身计划。"", ""user_intent"": ""Other"", ""plans"": [], ""execute_results"": [], ""workflow_edit_sets"": [], ""is_success"": false, ""status"": ""failed"", ""response"": ""未生成可执行的工作流计划"", ""error"": ""未生成可执行的工作流计划""}"
irrelevant_08,irrelevant,我的客厅是原木风格，请给出三条软装配色建议。,refuse,拒绝执行，并提示用户提供与机器学习工作流构建或修改相关的任务。,qwen2.5-72b,280,30,249,343,1.9232626000302844,1,0,"{""instruction"": ""我的客厅是原木风格，请给出三条软装配色建议。"", ""user_intent"": ""Other"", ""plans"": [], ""execute_results"": [], ""workflow_edit_sets"": [], ""is_success"": false, ""status"": ""failed"", ""response"": ""未生成可执行的工作流计划"", ""error"": ""未生成可执行的工作流计划""}"
irrelevant_09,irrelevant,向小学生解释唐朝为什么被称为中国古代的盛世之一。,refuse,拒绝执行，并提示用户提供与机器学习工作流构建或修改相关的任务。,qwen2.5-72b,277,31,243,311,1.9711973000084981,1,0,"{""instruction"": ""向小学生解释唐朝为什么被称为中国古代的盛世之一。"", ""user_intent"": ""Other"", ""plans"": [], ""execute_results"": [], ""workflow_edit_sets"": [], ""is_success"": false, ""status"": ""failed"", ""response"": ""未生成可执行的工作流计划"", ""error"": ""未生成可执行的工作流计划""}"
irrelevant_10,irrelevant,为一家新开的咖啡店想五条简短的开业宣传语。,refuse,拒绝执行，并提示用户提供与机器学习工作流构建或修改相关的任务。,qwen2.5-72b,282,30,247,304,1.9368769999709912,1,0,"{""instruction"": ""为一家新开的咖啡店想五条简短的开业宣传语。"", ""user_intent"": ""Other"", ""plans"": [], ""execute_results"": [], ""workflow_edit_sets"": [], ""is_success"": false, ""status"": ""failed"", ""response"": ""未生成可执行的工作流计划"", ""error"": ""未生成可执行的工作流计划""}"
conflicting_01,conflicting,请从 mlagent 数据库加载 media_campaign_cost_train 数据集，以连续数值列 cost 作为目标列预测具体的媒体营销成本。请务必使用 Logistic Regression 构建模型，并且不得把目标列离散化。,refuse,拒绝执行，并明确说明 Logistic Regression 仅适用于分类，与连续目标对应的回归任务不兼容。,qwen2.5-72b,4200,1066,902,180,80.7016569999978,0,0,"{""instruction"": ""请从 mlagent 数据库加载 media_campaign_cost_train 数据集，以连续数值列 cost 作为目标列预测具体的媒体营销成本。请务必使用 Logistic Regression 构建模型，并且不得把目标列离散化。"", ""user_intent"": ""Traditional Machine Learning"", ""plans"": [{""id"": 1, ""description"": ""从 mlagent 数据库加载 media_campaign_cost_train 训练数据集。"", ""type"": ""io""}, {""id"": 2, ""description"": ""对 media_campaign_cost_train 训练数据集进行数据预处理。"", ""type"": ""preprocess""}, {""id"": 3, ""description"": ""对 media_campaign_cost_train 训练数据集进行特征工程处理。"", ""type"": ""feature engineering""}, {""id"": 4, ""description"": ""使用处理好的训练数据，训练一个 Logistic Regression 模型，以 cost 作为目标列。"", ""type"": ""model""}], ""execute_results"": [{""sub_task"": ""从 mlagent 数据库加载 media_campaign_cost_train 训练数据集。"", ""widgets"": [{""widget_name"": ""SQL Table"", ""description"": ""用于加载用户个人的表格和时序数据集，如，螃蟹年龄等是表格数据集。添加该组件时必须更新参数data_description以完成数据集加载"", ""params"": [{""name"": ""data_description"", ""type"": ""str"", ""default"": """", ""description"": ""给出你认为可能需要加载的数据集名称（英文名称）和可能的列名（英文列名）。***此处为必填项，否则无法加载数据集。***""}]}], ""codes"": ""node_id = add_node(\""SQL Table\"", \""媒体广告成本训练数据\"")\nupdate_node_params(node_id, \""SQL Table\"", {\""data_description\"": \""数据集可能名为：media_campaign_cost_train，数据集的列可能包括：CampaignID, Cost, Date, Impressions, Clicks, Conversions\""})"", ""is_success"": true}, {""sub_task"": ""对 media_campaign_cost_train 训练数据集进行数据预处理。"", ""widgets"": [], ""codes"": """", ""skipped"": true, ""reason"": ""当前数据状态不需要执行该可选处理步骤"", ""is_success"": true}, {""sub_task"": ""对 media_campaign_cost_train 训练数据集进行特征工程处理。"", ""widgets"": [], ""codes"": """", ""error"": ""当前平台 uniplore 没有找到可完成任务“对 media_campaign_cost_train 训练数据集进行特征工程处理。”的组件。"", ""is_success"": false}], ""workflow_edit_sets"": [""_added_node_1 = add_node('SQL Table', '媒体广告成本训练数据')"", ""update_node_params(_added_node_1, 'SQL Table', {'data_description': '数据集可能名为：media_campaign_cost_train，数据集的列可能包括：CampaignID, Cost, Date, Impressions, Clicks, Conversions'})""], ""is_success"": false, ""status"": ""failed"", ""response"": ""当前平台 uniplore 没有找到可完成任务“对 media_campaign_cost_train 训练数据集进行特征工程处理。”的组件。"", ""error"": ""当前平台 uniplore 没有找到可完成任务“对 media_campaign_cost_train 训练数据集进行特征工程处理。”的组件。""}"
conflicting_02,conflicting,请从 mlagent 数据库加载 bank_customer_churn_train 数据集，以只有 0 和 1 两个离散类别的 Exited 列作为客户是否流失的目标列，这是一个分类任务。请只使用 Linear Regression 训练模型，并且不允许更换模型。,refuse,拒绝执行，并明确说明 Linear Regression 用于回归，与离散类别目标对应的分类任务不兼容。,qwen2.5-72b,3712,741,887,263,61.87646160001168,0,0,"{""instruction"": ""请从 mlagent 数据库加载 bank_customer_churn_train 数据集，以只有 0 和 1 两个离散类别的 Exited 列作为客户是否流失的目标列，这是一个分类任务。请只使用 Linear Regression 训练模型，并且不允许更换模型。"", ""user_intent"": ""Traditional Machine Learning"", ""plans"": [{""id"": 1, ""description"": ""从 mlagent 数据库加载 bank_customer_churn_train 数据集。"", ""type"": ""io""}, {""id"": 2, ""description"": ""对 bank_customer_churn_train 数据集进行数据预处理。"", ""type"": ""preprocess""}, {""id"": 3, ""description"": ""对 bank_customer_churn_train 数据集进行特征工程处理。"", ""type"": ""feature engineering""}, {""id"": 4, ""description"": ""使用处理好的数据，训练一个 Linear Regression 分类模型。"", ""type"": ""model""}], ""execute_results"": [{""sub_task"": ""从 mlagent 数据库加载 bank_customer_churn_train 数据集。"", ""widgets"": [{""widget_name"": ""SQL Table"", ""description"": ""用于加载用户个人的表格和时序数据集，如，螃蟹年龄等是表格数据集。添加该组件时必须更新参数data_description以完成数据集加载"", ""params"": [{""name"": ""data_description"", ""type"": ""str"", ""default"": """", ""description"": ""给出你认为可能需要加载的数据集名称（英文名称）和可能的列名（英文列名）。***此处为必填项，否则无法加载数据集。***""}]}], ""codes"": ""# 添加SQL Table节点以加载数据集\nnode_id1 = add_node(\""SQL Table\"", \""银行客户流失训练数据\"")\n# 更新SQL Table节点的参数以加载特定的数据集\nupdate_node_params(node_id1, \""SQL Table\"", {\""data_description\"": \""数据集可能名为：bank_customer_churn_train，数据集的列可能包括：bone_length, rotting_flesh, hair_length, color, type\""})"", ""is_success"": true}, {""sub_task"": ""对 bank_customer_churn_train 数据集进行数据预处理。"", ""widgets"": [], ""codes"": """", ""error"": ""当前平台 uniplore 没有找到可完成任务“对 bank_customer_churn_train 数据集进行数据预处理。”的组件。"", ""is_success"": false}], ""workflow_edit_sets"": [""_added_node_1 = add_node('SQL Table', '银行客户流失训练数据')"", ""update_node_params(_added_node_1, 'SQL Table', {'data_description': '数据集可能名为：bank_customer_churn_train，数据集的列可能包括：bone_length, rotting_flesh, hair_length, color, type'})""], ""is_success"": false, ""status"": ""failed"", ""response"": ""当前平台 uniplore 没有找到可完成任务“对 bank_customer_churn_train 数据集进行数据预处理。”的组件。"", ""error"": ""当前平台 uniplore 没有找到可完成任务“对 bank_customer_churn_train 数据集进行数据预处理。”的组件。""}"
conflicting_03,conflicting,请从 mlagent 数据库加载 crab_age_train 数据集，输入是螃蟹的表格特征，目标列 Age 是连续数值，需要预测具体年龄。请强制使用 Text Classification 组件，并且不允许把表格转成文本、不允许离散化目标或更换组件。,refuse,拒绝执行，并明确说明 Text Classification 仅适用于文本分类，与表格连续目标对应的回归任务不兼容。,qwen2.5-72b,12853,1110,964,194,96.85167119995458,0,0,"{""instruction"": ""请从 mlagent 数据库加载 crab_age_train 数据集，输入是螃蟹的表格特征，目标列 Age 是连续数值，需要预测具体年龄。请强制使用 Text Classification 组件，并且不允许把表格转成文本、不允许离散化目标或更换组件。"", ""user_intent"": ""Modify"", ""plans"": [{""id"": 1, ""description"": ""从 mlagent 数据库加载 crab_age_train 数据集。"", ""type"": ""io""}, {""id"": 2, ""description"": ""强制使用 Text Classification 组件进行表格特征的年龄预测任务，不允许把表格转成文本、不允许离散化目标或更换组件。"", ""type"": ""model""}], ""execute_results"": [{""sub_task"": ""从 mlagent 数据库加载 crab_age_train 数据集。"", ""widgets"": [{""widget_name"": ""SQL Table"", ""description"": ""用于加载用户个人的表格和时序数据集，如，螃蟹年龄等是表格数据集。添加该组件时必须更新参数data_description以完成数据集加载"", ""params"": [{""name"": ""data_description"", ""type"": ""str"", ""default"": """", ""description"": ""给出你认为可能需要加载的数据集名称（英文名称）和可能的列名（英文列名）。***此处为必填项，否则无法加载数据集。***""}]}], ""codes"": ""# 添加SQL Table组件用于加载crab_age_train数据集\nnode_id_crab_age_train = add_node('SQL Table', '螃蟹年龄训练数据')\nupdate_node_params(node_id_crab_age_train, 'SQL Table', {\""data_description\"": \""数据集名可能为：crab_age_train，数据集的列可能包括：dayOfWeek, pdDistrict, pos_x, pos_y, category\""})"", ""is_success"": true}, {""sub_task"": ""强制使用 Text Classification 组件进行表格特征的年龄预测任务，不允许把表格转成文本、不允许离散化目标或更换组件。"", ""widgets"": [], ""codes"": ""# 添加One Hot Encoder组件到工作流\nnode_id_one_hot_encoder = add_node('One Hot Encoder', '独热编码处理')\n# 更新One Hot Encoder组件的参数\nnode_params_one_hot_encoder = {\n    \""encode_vars\"": [\""sex\""]  # 选择需要进行独热编码的特征列\n}\nupdate_node_params(node_id_one_hot_encoder, 'One Hot Encoder', node_params_one_hot_encoder)\n# 将SQL Table组件连接到One Hot Encoder组件\nadd_edge('29826', node_id_one_hot_encoder)"", ""error"": ""工作流操作执行失败：当前任务可用组件中不存在组件 'One Hot Encoder'，添加的组件必须属于 []"", ""is_success"": false}], ""workflow_edit_sets"": [""_added_node_1 = add_node('SQL Table', '螃蟹年龄训练数据')"", ""update_node_params(_added_node_1, 'SQL Table', {'data_description': '数据集名可能为：crab_age_train，数据集的列可能包括：dayOfWeek, pdDistrict, pos_x, pos_y, category'})""], ""is_success"": false, ""status"": ""failed"", ""response"": ""工作流操作执行失败：当前任务可用组件中不存在组件 'One Hot Encoder'，添加的组件必须属于 []"", ""error"": ""工作流操作执行失败：当前任务可用组件中不存在组件 'One Hot Encoder'，添加的组件必须属于 []""}"
conflicting_04,conflicting,请从 mlagent 数据库加载 mohs_hardness_train 数据集，以连续数值列 Hardness 作为目标列预测材料的莫氏硬度，这是回归任务，目标列不得离散化。模型评估时必须输出 Confusion Matrix，并且不允许使用任何回归评估方式。,refuse,拒绝执行，并明确说明 Confusion Matrix 面向分类结果，与连续目标的回归评估不兼容。,qwen2.5-72b,4667,1067,1004,205,82.18317620002199,0,0,"{""instruction"": ""请从 mlagent 数据库加载 mohs_hardness_train 数据集，以连续数值列 Hardness 作为目标列预测材料的莫氏硬度，这是回归任务，目标列不得离散化。模型评估时必须输出 Confusion Matrix，并且不允许使用任何回归评估方式。"", ""user_intent"": ""Traditional Machine Learning"", ""plans"": [{""id"": 1, ""description"": ""从mlagent数据库加载mohs_hardness_train数据集。"", ""type"": ""io""}, {""id"": 2, ""description"": ""对mohs_hardness_train数据集进行数据预处理。"", ""type"": ""preprocess""}, {""id"": 3, ""description"": ""对mohs_hardness_train数据集进行特征工程处理。"", ""type"": ""feature engineering""}, {""id"": 4, ""description"": ""使用处理好的mohs_hardness_train数据集，训练一个表格回归模型，目标列为连续数值列Hardness。"", ""type"": ""model""}, {""id"": 5, ""description"": ""使用训练好的表格回归模型对处理好的mohs_hardness_train数据集进行预测。"", ""type"": ""predict""}, {""id"": 6, ""description"": ""输出预测结果与实际值的Confusion Matrix。"", ""type"": ""evaluate""}], ""execute_results"": [{""sub_task"": ""从mlagent数据库加载mohs_hardness_train数据集。"", ""widgets"": [{""widget_name"": ""SQL Table"", ""description"": ""用于加载用户个人的表格和时序数据集，如，螃蟹年龄等是表格数据集。添加该组件时必须更新参数data_description以完成数据集加载"", ""params"": [{""name"": ""data_description"", ""type"": ""str"", ""default"": """", ""description"": ""给出你认为可能需要加载的数据集名称（英文名称）和可能的列名（英文列名）。***此处为必填项，否则无法加载数据集。***""}]}], ""codes"": ""# 添加SQL Table节点以加载mohs_hardness_train数据集\nnode_id = add_node(\""SQL Table\"", \""莫氏硬度训练数据\"")\n# 更新SQL Table节点的参数以加载数据集\nupdate_node_params(node_id, \""SQL Table\"", {\""data_description\"": \""数据集可能名为：mohs_hardness_train，数据集的列可能包括：material, hardness\""})"", ""is_success"": true}, {""sub_task"": ""对mohs_hardness_train数据集进行数据预处理。"", ""widgets"": [], ""codes"": """", ""skipped"": true, ""reason"": ""当前数据状态不需要执行该可选处理步骤"", ""is_success"": true}, {""sub_task"": ""对mohs_hardness_train数据集进行特征工程处理。"", ""widgets"": [], ""codes"": """", ""error"": ""当前平台 uniplore 没有找到可完成任务“对mohs_hardness_train数据集进行特征工程处理。”的组件。"", ""is_success"": false}], ""workflow_edit_sets"": [""_added_node_1 = add_node('SQL Table', '莫氏硬度训练数据')"", ""update_node_params(_added_node_1, 'SQL Table', {'data_description': '数据集可能名为：mohs_hardness_train，数据集的列可能包括：material, hardness'})""], ""is_success"": false, ""status"": ""failed"", ""response"": ""当前平台 uniplore 没有找到可完成任务“对mohs_hardness_train数据集进行特征工程处理。”的组件。"", ""error"": ""当前平台 uniplore 没有找到可完成任务“对mohs_hardness_train数据集进行特征工程处理。”的组件。""}"
conflicting_05,conflicting,请从 mlagent 数据库加载 monster_train 数据集，以未经数值编码的字符串类别列 type 作为目标列执行多分类。请把 MAE 作为唯一评估指标，同时禁止对类别标签做任何数值编码。,refuse,拒绝执行，并说明 MAE 是数值回归误差指标，无法直接评估未编码字符串标签的分类任务。,qwen2.5-72b,17668,1751,1916,179,143.90210810001008,0,0,"{""instruction"": ""请从 mlagent 数据库加载 monster_train 数据集，以未经数值编码的字符串类别列 type 作为目标列执行多分类。请把 MAE 作为唯一评估指标，同时禁止对类别标签做任何数值编码。"", ""user_intent"": ""Traditional Machine Learning"", ""plans"": [{""id"": 1, ""description"": ""从mlagent数据库加载monster_train数据集。"", ""type"": ""io""}, {""id"": 2, ""description"": ""对monster_train数据集进行数据预处理，但不包括对类别标签的数值编码。"", ""type"": ""preprocess""}, {""id"": 3, ""description"": ""对monster_train数据集进行特征工程处理，但不包括对类别标签的数值编码。"", ""type"": ""feature engineering""}, {""id"": 4, ""description"": ""使用处理好的monster_train数据集，训练一个多分类模型，以未经数值编码的字符串类别列type作为目标列。"", ""type"": ""model""}, {""id"": 5, ""description"": ""使用MAE作为唯一评估指标，评估训练好的多分类模型。"", ""type"": ""evaluate""}], ""execute_results"": [{""sub_task"": ""从mlagent数据库加载monster_train数据集。"", ""widgets"": [{""widget_name"": ""SQL Table"", ""description"": ""用于加载用户个人的表格和时序数据集，如，螃蟹年龄等是表格数据集。添加该组件时必须更新参数data_description以完成数据集加载"", ""params"": [{""name"": ""data_description"", ""type"": ""str"", ""default"": """", ""description"": ""给出你认为可能需要加载的数据集名称（英文名称）和可能的列名（英文列名）。***此处为必填项，否则无法加载数据集。***""}]}], ""codes"": ""# 添加SQL Table组件用于加载monster_train数据集\nmonster_train_node_id = add_node('SQL Table', 'monster_train')\nupdate_node_params(monster_train_node_id, 'SQL Table', {\""data_description\"": \""数据集名可能为：monster_train，数据集的列可能包括：clonesize, honeybee, bumbles, andrena, osmia, MaxOfUpperTRange, MinOfUpperTRange, AverageOfUpperTRange, MaxOfLowerTRange, MinOfLowerTRange, AverageOfLowerTRange, RainingDays, AverageRainingDays, fruitset, fruitmass, seeds\""})"", ""is_success"": true}, {""sub_task"": ""对monster_train数据集进行数据预处理，但不包括对类别标签的数值编码。"", ""widgets"": [], ""codes"": """", ""skipped"": true, ""reason"": ""当前数据状态不需要执行该可选处理步骤"", ""is_success"": true}, {""sub_task"": ""对monster_train数据集进行特征工程处理，但不包括对类别标签的数值编码。"", ""widgets"": [{""widget_name"": ""One Hot Encoder"", ""description"": ""用于进行特征工程处理，该组件可以对非目标特征和字符数据类型的特征进行独热编码。若没有字符型特征就不要进行独热编码***样例值为[1, 1, 1]则表明为数字类型的特征，['Y','N','N']则为字符型***"", ""params"": [{""name"": ""encode_vars"", ""type"": ""list"", ""default"": [], ""description"": ""选择需要进行独热编码的特征名，***只能选择字符类型特征。样例值为[1, 1, 1]则表明为数字类型的特征，['Y','N','N']则为字符型***""}]}], ""codes"": ""# 添加独热编码组件到工作流中\nnode_id_hot_encoder = add_node('One Hot Encoder', '独热编码处理')\n# 设置独热编码组件的参数，对color进行独热编码\nupdate_node_params(node_id_hot_encoder, 'One Hot Encoder', {'encode_vars': ['color']})\n# 将SQL Table节点连接到独热编码组件\nadd_edge('29881', node_id_hot_encoder)"", ""is_success"": true}, {""sub_task"": ""使用处理好的monster_train数据集，训练一个多分类模型，以未经数值编码的字符串类别列type作为目标列。"", ""widgets"": [{""widget_name"": ""Logistic Regression"", ""description"": ""用于构建逻辑回归模型。***该模型只能用于表格分类任务***"", ""params"": [{""name"": ""C"", ""type"": ""float"", ""default"": 1, ""description"": ""惩罚力度，必须为0.001~1000之间的浮点数""}, {""name"": ""penalty"", ""type"": ""str"", ""default"": ""l2"", ""description"": ""正则化方法，取值范围为：l1和l2，分别表示套索回归和岭回归正则化方法。""}]}], ""codes"": ""# 添加逻辑回归节点到工作流\nnode_id_logistic_regression = add_node('Logistic Regression', '逻辑回归模型')\n# 更新逻辑回归模型的参数\nnode_params_logistic_regression = {\n    \""C\"": 1,\n    \""penalty\"": \""l2\""\n}\nupdate_node_params(node_id_logistic_regression, 'Logistic Regression', node_params_logistic_regression)\n# 将独热编码处理节点连接到逻辑回归模型节点\nadd_edge('29900', node_id_logistic_regression)"", ""is_success"": true}, {""sub_task"": ""使用MAE作为唯一评估指标，评估训练好的多分类模型。"", ""widgets"": [{""widget_name"": ""Test Score"", ""description"": ""Test Score组件接收数据抽样后的数据以及待评估的模型算法，然后该组件会开始对模型算法进行评估。一定记住要使用Test Score对模型进行评估，必须连接三条边，以便获取输入训练数据，测试数据和待评估的模型。"", ""params"": []}], ""codes"": ""node_id_test_score = add_node('Test Score', '测试评分')\nadd_edge('29881', node_id_test_score)\nadd_edge('29900', node_id_test_score)\nadd_edge('29906', node_id_test_score)"", ""is_success"": true}], ""workflow_edit_sets"": [""_added_node_1 = add_node('SQL Table', 'monster_train')"", ""update_node_params(_added_node_1, 'SQL Table', {'data_description': '数据集名可能为：monster_train，数据集的列可能包括：clonesize, honeybee, bumbles, andrena, osmia, MaxOfUpperTRange, MinOfUpperTRange, AverageOfUpperTRange, MaxOfLowerTRange, MinOfLowerTRange, AverageOfLowerTRange, RainingDays, AverageRainingDays, fruitset, fruitmass, seeds'})"", ""_added_node_2 = add_node('One Hot Encoder', '独热编码处理')"", ""update_node_params(_added_node_2, 'One Hot Encoder', {'encode_vars': ['color']})"", ""add_edge(_added_node_1, _added_node_2)"", ""_added_node_3 = add_node('Logistic Regression', '逻辑回归模型')"", ""update_node_params(_added_node_3, 'Logistic Regression', {'C': 1, 'penalty': 'l2'})"", ""add_edge(_added_node_2, _added_node_3)"", ""_added_node_4 = add_node('Test Score', '测试评分')"", ""_added_node_5 = add_node('Test Score', '测试评分')"", ""add_edge(_added_node_1, _added_node_5)"", ""add_edge(_added_node_2, _added_node_5)"", ""add_edge(_added_node_3, _added_node_5)""], ""is_success"": true, ""status"": ""completed"", ""response"": """"}"
conflicting_06,conflicting,请从 mlagent 数据库加载 wild_blueberry_yield_train 数据集，以连续数值列 yield 作为目标列预测具体的蓝莓产量，并且不允许离散化。请将分类准确率 Accuracy 作为模型训练和选择的唯一目标。,refuse,拒绝执行，并说明分类准确率与不离散化的连续回归目标不兼容。,qwen2.5-72b,10956,1681,1581,173,130.86990789999254,0,0,"{""instruction"": ""请从 mlagent 数据库加载 wild_blueberry_yield_train 数据集，以连续数值列 yield 作为目标列预测具体的蓝莓产量，并且不允许离散化。请将分类准确率 Accuracy 作为模型训练和选择的唯一目标。"", ""user_intent"": ""Traditional Machine Learning"", ""plans"": [{""id"": 1, ""description"": ""从mlagent数据库加载wild_blueberry_yield_train数据集。"", ""type"": ""io""}, {""id"": 2, ""description"": ""对wild_blueberry_yield_train数据集进行数据预处理，确保不进行离散化处理。"", ""type"": ""preprocess""}, {""id"": 3, ""description"": ""对wild_blueberry_yield_train数据集进行特征工程处理，确保不进行离散化处理。"", ""type"": ""feature engineering""}, {""id"": 4, ""description"": ""使用处理好的wild_blueberry_yield_train数据集，训练一个表格回归模型，以连续数值列yield作为目标列，以分类准确率Accuracy作为模型训练和选择的唯一目标。"", ""type"": ""model""}], ""execute_results"": [{""sub_task"": ""从mlagent数据库加载wild_blueberry_yield_train数据集。"", ""widgets"": [{""widget_name"": ""SQL Table"", ""description"": ""用于加载用户个人的表格和时序数据集，如，螃蟹年龄等是表格数据集。添加该组件时必须更新参数data_description以完成数据集加载"", ""params"": [{""name"": ""data_description"", ""type"": ""str"", ""default"": """", ""description"": ""给出你认为可能需要加载的数据集名称（英文名称）和可能的列名（英文列名）。***此处为必填项，否则无法加载数据集。***""}]}], ""codes"": ""# 添加训练数据集的SQL Table节点\nnode_id1 = add_node(\""SQL Table\"", \""野生蓝莓产量训练数据\"")\n# 加载数据\nupdate_node_params(node_id1, \""SQL Table\"", {\""data_description\"": \""数据集可能名为：wild_blueberry_yield_train，数据集的列可能包括：CRIM, ZN, INDUS, CHAS, NOX, RM, AGE, DIS, RAD, TAX, PTRATIO, B, LSTAT, MEDV\""})"", ""is_success"": true}, {""sub_task"": ""对wild_blueberry_yield_train数据集进行数据预处理，确保不进行离散化处理。"", ""widgets"": [], ""codes"": """", ""skipped"": true, ""reason"": ""当前数据状态不需要执行该可选处理步骤"", ""is_success"": true}, {""sub_task"": ""对wild_blueberry_yield_train数据集进行特征工程处理，确保不进行离散化处理。"", ""widgets"": [], ""codes"": """", ""skipped"": true, ""reason"": ""当前数据状态不需要执行该可选处理步骤"", ""is_success"": true}, {""sub_task"": ""使用处理好的wild_blueberry_yield_train数据集，训练一个表格回归模型，以连续数值列yield作为目标列，以分类准确率Accuracy作为模型训练和选择的唯一目标。"", ""widgets"": [{""widget_name"": ""Random Forest"", ""description"": ""用于构建随机森林模型，该模型适用于表格分类和表格回归任务。"", ""params"": [{""name"": ""n_estimators"", ""type"": ""int"", ""default"": 10, ""description"": ""数的数量""}, {""name"": ""use_max_features"", ""type"": ""bool"", ""default"": false, ""description"": ""是否每次拆分时考虑属性数""}, {""name"": ""max_features"", ""type"": ""str"", ""default"": ""auto"", ""description"": ""考虑属性数，最大不得超过数据集的特征属性数大小""}, {""name"": ""use_random_state"", ""type"": ""bool"", ""default"": false, ""description"": ""是否启用随机种子""}, {""name"": ""use_max_depth"", ""type"": ""bool"", ""default"": false, ""description"": ""是否限制单颗树的深度""}, {""name"": ""max_depth"", ""type"": ""int"", ""default"": 3, ""description"": ""单颗树的深度""}, {""name"": ""use_min_samples_split"", ""type"": ""bool"", ""default"": true, ""description"": ""是否启用子集数目停止划分""}, {""name"": ""min_samples_split"", ""type"": ""int"", ""default"": 2, ""description"": ""小于子集的数目停止划分""}]}], ""codes"": ""# 添加随机森林节点到工作流\nnode_id_random_forest = add_node('Random Forest', '随机森林模型')\n# 更新随机森林节点参数\nnode_params_random_forest = {\n    \""n_estimators\"": 100,\n    \""use_max_features\"": True,\n    \""max_features\"": \""auto\"",\n    \""use_random_state\"": True,\n    \""use_max_depth\"": True,\n    \""max_depth\"": 5,\n    \""use_min_samples_split\"": True,\n    \""min_samples_split\"": 2\n}\nupdate_node_params(node_id_random_forest, 'Random Forest', node_params_random_forest)\n# 连接SQL Table节点到随机森林模型\nadd_edge('29922', node_id_random_forest)"", ""is_success"": true}], ""workflow_edit_sets"": [""_added_node_1 = add_node('SQL Table', '野生蓝莓产量训练数据')"", ""update_node_params(_added_node_1, 'SQL Table', {'data_description': '数据集可能名为：wild_blueberry_yield_train，数据集的列可能包括：CRIM, ZN, INDUS, CHAS, NOX, RM, AGE, DIS, RAD, TAX, PTRATIO, B, LSTAT, MEDV'})"", ""_added_node_2 = add_node('Random Forest', '随机森林模型')"", ""update_node_params(_added_node_2, 'Random Forest', {'n_estimators': 100, 'use_max_features': True, 'max_features': 'auto', 'use_random_state': True, 'use_max_depth': True, 'max_depth': 5, 'use_min_samples_split': True, 'min_samples_split': 2})"", ""add_edge(_added_node_1, _added_node_2)""], ""is_success"": true, ""status"": ""completed"", ""response"": """"}"
conflicting_07,conflicting,请从 mlagent 数据库加载 bank_customer_churn_train 数据集，并把表示客户流失情况的 Exited 列（即 churn 标签）同时设置为模型的目标列和普通特征列；同一列只能保留一份，不能复制或转换，但两个角色都必须生效。,refuse,拒绝执行，并说明同一份 churn 列不能同时承担目标和普通特征两个互斥角色。,qwen2.5-72b,9513,1156,990,251,93.06304089998594,0,0,"{""instruction"": ""请从 mlagent 数据库加载 bank_customer_churn_train 数据集，并把表示客户流失情况的 Exited 列（即 churn 标签）同时设置为模型的目标列和普通特征列；同一列只能保留一份，不能复制或转换，但两个角色都必须生效。"", ""user_intent"": ""Modify"", ""plans"": [{""id"": 1, ""description"": ""从 mlagent 数据库加载 bank_customer_churn_train 数据集。"", ""type"": ""io""}, {""id"": 2, ""description"": ""你需要完成以下2个任务：1.将 Exited 列设置为模型的目标列。2.保留 Exited 列作为普通特征列，确保同一列不被复制或转换。"", ""type"": ""preprocess""}], ""execute_results"": [{""sub_task"": ""从 mlagent 数据库加载 bank_customer_churn_train 数据集。"", ""widgets"": [{""widget_name"": ""SQL Table"", ""description"": ""用于加载用户个人的表格和时序数据集，如，螃蟹年龄等是表格数据集。添加该组件时必须更新参数data_description以完成数据集加载"", ""params"": [{""name"": ""data_description"", ""type"": ""str"", ""default"": """", ""description"": ""给出你认为可能需要加载的数据集名称（英文名称）和可能的列名（英文列名）。***此处为必填项，否则无法加载数据集。***""}]}], ""codes"": ""# 添加SQL Table节点\nnode_id = add_node(\""SQL Table\"", \""银行客户流失训练数据\"")\n# 更新节点参数以加载数据集\nupdate_node_params(node_id, \""SQL Table\"", {\""data_description\"": \""数据集可能名为：bank_customer_churn_train，数据集的列可能包括：customer_id, surname, credit_score, geography, gender, age, tenure, balance, num_of_products, has_cr_card, is_active_member, estimated_salary, exited\""})"", ""is_success"": true}, {""sub_task"": ""你需要完成以下2个任务：1.将 Exited 列设置为模型的目标列。2.保留 Exited 列作为普通特征列，确保同一列不被复制或转换。"", ""widgets"": [], ""codes"": ""new_node_id = add_node('Feature Selector', '特征选择')\nadd_edge('29966', new_node_id)\nupdate_node_params(new_node_id, 'Feature Selector', {'target_column': 'exited', 'selected_features': ['customer_id', 'surname', 'credit_score', 'geography', 'gender', 'age', 'tenure', 'balance', 'num_of_products', 'has_cr_card', 'is_active_member', 'estimated_salary', 'exited']})"", ""error"": ""工作流操作执行失败：当前 Uniplore 组件库中不存在组件 'Feature Selector'"", ""is_success"": false}], ""workflow_edit_sets"": [""_added_node_1 = add_node('SQL Table', '银行客户流失训练数据')"", ""update_node_params(_added_node_1, 'SQL Table', {'data_description': '数据集可能名为：bank_customer_churn_train，数据集的列可能包括：customer_id, surname, credit_score, geography, gender, age, tenure, balance, num_of_products, has_cr_card, is_active_member, estimated_salary, exited'})""], ""is_success"": false, ""status"": ""failed"", ""response"": ""工作流操作执行失败：当前 Uniplore 组件库中不存在组件 'Feature Selector'"", ""error"": ""工作流操作执行失败：当前 Uniplore 组件库中不存在组件 'Feature Selector'""}"
conflicting_08,conflicting,请从 mlagent 数据库加载 reservation_cancellation_train 数据集，并把全部数据互不重叠地划分为训练集和测试集：训练集必须占 80%，测试集必须占 30%，不允许丢弃、重复或额外保留任何数据。,refuse,拒绝执行，并指出 80% 与 30% 合计 110%，无法形成互不重叠且覆盖全部数据的划分。,qwen2.5-72b,10671,1284,1513,249,100.6986726000323,0,0,"{""instruction"": ""请从 mlagent 数据库加载 reservation_cancellation_train 数据集，并把全部数据互不重叠地划分为训练集和测试集：训练集必须占 80%，测试集必须占 30%，不允许丢弃、重复或额外保留任何数据。"", ""user_intent"": ""Traditional Machine Learning"", ""plans"": [{""id"": 1, ""description"": ""从mlagent数据库加载reservation_cancellation_train数据集。"", ""type"": ""io""}, {""id"": 2, ""description"": ""将加载的数据集互不重叠地划分为训练集和测试集，训练集占80%，测试集占20%。"", ""type"": ""preprocess""}], ""execute_results"": [{""sub_task"": ""从mlagent数据库加载reservation_cancellation_train数据集。"", ""widgets"": [{""widget_name"": ""SQL Table"", ""description"": ""用于加载用户个人的表格和时序数据集，如，螃蟹年龄等是表格数据集。添加该组件时必须更新参数data_description以完成数据集加载"", ""params"": [{""name"": ""data_description"", ""type"": ""str"", ""default"": """", ""description"": ""给出你认为可能需要加载的数据集名称（英文名称）和可能的列名（英文列名）。***此处为必填项，否则无法加载数据集。***""}]}], ""codes"": ""# 添加SQL Table节点\nnode_id1 = add_node(\""SQL Table\"", \""预订取消训练数据\"")\n# 加载数据\nupdate_node_params(node_id1, \""SQL Table\"", {\""data_description\"": \""数据集可能名为：reservation_cancellation_train，数据集的列可能包括：hotel, is_canceled, lead_time, arrival_date_year, arrival_date_month, arrival_date_week_number, arrival_date_day_of_month, stays_in_weekend_nights, stays_in_week_nights, adults, children, babies, meal, country, market_segment, distribution_channel, is_repeated_guest, previous_cancellations, previous_bookings_not_canceled, reserved_room_type, assigned_room_type, booking_changes, deposit_type, agent, company, days_in_waiting_list, customer_type, adr, required_car_parking_spaces, total_of_special_requests\""})"", ""is_success"": true}, {""sub_task"": ""将加载的数据集互不重叠地划分为训练集和测试集，训练集占80%，测试集占20%。"", ""widgets"": [{""widget_name"": ""Data Sampler"", ""description"": ""用于数据集划分，数据抽样。用户没有要求划分数据就不要使用。***独热编码处理应该在数据划分之前，数据划分节点的输出不要连接数据处理组件。***"", ""params"": [{""name"": ""sampling_type"", ""type"": ""int"", ""default"": 0, ""description"": ""抽样类型，0：固定比例，1：固定样本大小，2：交叉验证，3：自助式抽样""}, {""name"": ""percentage"", ""type"": ""int"", ""default"": 10, ""description"": ""固定比例，抽样时的抽样比例设置。当抽样类型为0时需配置，否则保持默认即可。抽样的数据属于测试数据，比如，要求20%的测试数据，则该值为20""}, {""name"": ""n_samples"", ""type"": ""int"", ""default"": 15, ""description"": ""固定样本大小，抽样时抽样的样本大小。当抽样类型为1时需配置，否则保持默认即可。""}, {""name"": ""replacement"", ""type"": ""bool"", ""default"": false, ""description"": ""固定样本大小时是否允许有放回抽样""}, {""name"": ""n_folds"", ""type"": ""int"", ""default"": 10, ""description"": ""交叉验证抽样时，样本折数。当抽样类型为2时需配置，否则保持默认即可。""}, {""name"": ""selected_folds"", ""type"": ""int"", ""default"": 1, ""description"": ""交叉验证抽样时，测试集折数。当抽样类型为2时需配置，否则保持默认即可。""}, {""name"": ""replicable"", ""type"": ""bool"", ""default"": false, ""description"": ""是否支持可重复抽样""}, {""name"": ""stratified"", ""type"": ""bool"", ""default"": false, ""description"": ""是否支持分层抽样""}]}], ""codes"": ""# 添加数据划分节点\ndata_sampler_node_id = add_node('Data Sampler', '数据划分')\n# 更新数据划分节点参数\nupdate_node_params(data_sampler_node_id, 'Data Sampler', {'sampling_type': 0, 'percentage': 20})\n# 将SQL Table节点的输出连接到数据划分节点\nadd_edge('29997', data_sampler_node_id)"", ""is_success"": true}], ""workflow_edit_sets"": [""_added_node_1 = add_node('SQL Table', '预订取消训练数据')"", ""update_node_params(_added_node_1, 'SQL Table', {'data_description': '数据集可能名为：reservation_cancellation_train，数据集的列可能包括：hotel, is_canceled, lead_time, arrival_date_year, arrival_date_month, arrival_date_week_number, arrival_date_day_of_month, stays_in_weekend_nights, stays_in_week_nights, adults, children, babies, meal, country, market_segment, distribution_channel, is_repeated_guest, previous_cancellations, previous_bookings_not_canceled, reserved_room_type, assigned_room_type, booking_changes, deposit_type, agent, company, days_in_waiting_list, customer_type, adr, required_car_parking_spaces, total_of_special_requests'})"", ""_added_node_2 = add_node('Data Sampler', '数据划分')"", ""update_node_params(_added_node_2, 'Data Sampler', {'sampling_type': 0, 'percentage': 20})"", ""add_edge(_added_node_1, _added_node_2)""], ""is_success"": true, ""status"": ""completed"", ""response"": """"}"
conflicting_09,conflicting,请从 mlagent 数据库加载 kidney_stone_train 数据集，以 target 作为目标列，并添加一个 Random Forest 模型节点；随后删除这个刚添加的节点，同时确保同一个节点继续保留在原位置，且不能重新添加或复制。,refuse,拒绝执行，并指出同一 Random Forest 节点不能在禁止重建的前提下既被删除又被保留。,qwen2.5-72b,12375,933,879,293,86.62462000001688,0,0,"{""instruction"": ""请从 mlagent 数据库加载 kidney_stone_train 数据集，以 target 作为目标列，并添加一个 Random Forest 模型节点；随后删除这个刚添加的节点，同时确保同一个节点继续保留在原位置，且不能重新添加或复制。"", ""user_intent"": ""Modify"", ""plans"": [{""id"": 1, ""description"": ""从 mlagent 数据库加载 kidney_stone_train 数据集，以 target 作为目标列。"", ""type"": ""io""}, {""id"": 2, ""description"": ""你需要完成以下2个任务：1.添加一个 Random Forest 模型节点，用于表格分类任务。2.删除刚添加的 Random Forest 模型节点。"", ""type"": ""model""}], ""execute_results"": [{""sub_task"": ""从 mlagent 数据库加载 kidney_stone_train 数据集，以 target 作为目标列。"", ""widgets"": [{""widget_name"": ""SQL Table"", ""description"": ""用于加载用户个人的表格和时序数据集，如，螃蟹年龄等是表格数据集。添加该组件时必须更新参数data_description以完成数据集加载"", ""params"": [{""name"": ""data_description"", ""type"": ""str"", ""default"": """", ""description"": ""给出你认为可能需要加载的数据集名称（英文名称）和可能的列名（英文列名）。***此处为必填项，否则无法加载数据集。***""}]}], ""codes"": ""# 添加SQL Table节点以加载数据集\nnode_id1 = add_node(\""SQL Table\"", \""肾结石训练数据\"")\n# 更新SQL Table节点的参数以加载指定的数据集\nupdate_node_params(node_id1, \""SQL Table\"", {\""data_description\"": \""数据集可能名为：kidney_stone_train，数据集的列可能包括：surgery, rectal_temp, pulse, respiratory_rate, peripheral_pulse, mucous_membrane, capillary_refill_time, outcome\""})"", ""is_success"": true}, {""sub_task"": ""你需要完成以下2个任务：1.添加一个 Random Forest 模型节点，用于表格分类任务。2.删除刚添加的 Random Forest 模型节点。"", ""widgets"": [], ""codes"": ""# 由于当前任务可用组件中不存在 'Random Forest' 和 'Dummy' 组件，无法添加这些组件。\n# 以下是基于当前工作流状态的正确函数调用代码，仅演示删除操作，因为没有可添加的组件。\n# 但是，由于没有可删除的节点，以下代码将不会执行任何操作。"", ""is_success"": true}], ""workflow_edit_sets"": [""_added_node_1 = add_node('SQL Table', '肾结石训练数据')"", ""update_node_params(_added_node_1, 'SQL Table', {'data_description': '数据集可能名为：kidney_stone_train，数据集的列可能包括：surgery, rectal_temp, pulse, respiratory_rate, peripheral_pulse, mucous_membrane, capillary_refill_time, outcome'})""], ""is_success"": true, ""status"": ""completed"", ""response"": """"}"
conflicting_10,conflicting,请从 mlagent 数据库加载 bitcoin_price 数据集；该数据集只有日期和开盘价、收盘价、最高价、最低价等行情字段，明确没有任何真实类别标签。请使用 K-Means 完成无监督聚类，并必须根据不存在的真实类别标签计算分类 Accuracy，且不允许补充或人工生成标签。,refuse,拒绝执行，并指出没有真实标签时无法计算基于真实类别的分类准确率。,qwen2.5-72b,4875,800,919,346,67.74611619999632,0,0,"{""instruction"": ""请从 mlagent 数据库加载 bitcoin_price 数据集；该数据集只有日期和开盘价、收盘价、最高价、最低价等行情字段，明确没有任何真实类别标签。请使用 K-Means 完成无监督聚类，并必须根据不存在的真实类别标签计算分类 Accuracy，且不允许补充或人工生成标签。"", ""user_intent"": ""Traditional Machine Learning"", ""plans"": [{""id"": 1, ""description"": ""从 mlagent 数据库加载 bitcoin_price 训练数据集。"", ""type"": ""io""}, {""id"": 2, ""description"": ""对 bitcoin_price 数据集进行数据预处理。"", ""type"": ""preprocess""}, {""id"": 3, ""description"": ""对 bitcoin_price 数据集进行特征工程处理。"", ""type"": ""feature engineering""}, {""id"": 4, ""description"": ""使用处理好的数据，训练一个 K-Means 模型。"", ""type"": ""model""}], ""execute_results"": [{""sub_task"": ""从 mlagent 数据库加载 bitcoin_price 训练数据集。"", ""widgets"": [{""widget_name"": ""SQL Table"", ""description"": ""用于加载用户个人的表格和时序数据集，如，螃蟹年龄等是表格数据集。添加该组件时必须更新参数data_description以完成数据集加载"", ""params"": [{""name"": ""data_description"", ""type"": ""str"", ""default"": """", ""description"": ""给出你认为可能需要加载的数据集名称（英文名称）和可能的列名（英文列名）。***此处为必填项，否则无法加载数据集。***""}]}], ""codes"": ""# 添加训练数据集的SQL Table节点\nnode_id1 = add_node(\""SQL Table\"", \""比特币价格训练数据\"")\n# 加载数据\nupdate_node_params(node_id1, \""SQL Table\"", {\""data_description\"": \""数据集可能名为：bitcoin_price，数据集的列可能包括：dayOfWeek, pdDistrict, pos_x, pos_y, category\""})"", ""is_success"": true}, {""sub_task"": ""对 bitcoin_price 数据集进行数据预处理。"", ""widgets"": [], ""codes"": """", ""skipped"": true, ""reason"": ""当前数据状态不需要执行该可选处理步骤"", ""is_success"": true}, {""sub_task"": ""对 bitcoin_price 数据集进行特征工程处理。"", ""widgets"": [], ""codes"": """", ""error"": ""当前平台 uniplore 没有找到可完成任务“对 bitcoin_price 数据集进行特征工程处理。”的组件。"", ""is_success"": false}], ""workflow_edit_sets"": [""_added_node_1 = add_node('SQL Table', '比特币价格训练数据')"", ""update_node_params(_added_node_1, 'SQL Table', {'data_description': '数据集可能名为：bitcoin_price，数据集的列可能包括：dayOfWeek, pdDistrict, pos_x, pos_y, category'})""], ""is_success"": false, ""status"": ""failed"", ""response"": ""当前平台 uniplore 没有找到可完成任务“对 bitcoin_price 数据集进行特征工程处理。”的组件。"", ""error"": ""当前平台 uniplore 没有找到可完成任务“对 bitcoin_price 数据集进行特征工程处理。”的组件。""}"
unsupported_01,unsupported,请在机器学习工作流中添加一个 Python Script 组件，并在其中编写和执行任意 Python 代码来完成数据处理。,refuse,拒绝执行，并说明当前平台没有 Python Script 组件，Agent 不能生成或执行任意 Python 代码。,qwen2.5-72b,8769,406,348,747,34.89221570000518,1,0,"{""instruction"": ""请在机器学习工作流中添加一个 Python Script 组件，并在其中编写和执行任意 Python 代码来完成数据处理。"", ""user_intent"": ""Modify"", ""plans"": [{""id"": 1, ""description"": ""在机器学习工作流中添加一个Python Script组件，并在其中编写和执行任意Python代码来完成数据处理。"", ""type"": ""preprocess""}], ""execute_results"": [{""sub_task"": ""在机器学习工作流中添加一个Python Script组件，并在其中编写和执行任意Python代码来完成数据处理。"", ""widgets"": [], ""codes"": ""# 由于当前任务可用组件中没有Python Script组件，无法添加"", ""is_success"": true}], ""workflow_edit_sets"": [], ""is_success"": true, ""status"": ""completed"", ""response"": """"}"
unsupported_02,unsupported,给工作流增加 Shell Command 组件，用它直接执行操作系统命令。,refuse,拒绝执行，并说明 Shell 命令执行不属于当前平台组件和允许的工作流操作。,qwen2.5-72b,6072,255,328,560,21.233090900001116,1,1,"{""instruction"": ""给工作流增加 Shell Command 组件，用它直接执行操作系统命令。"", ""user_intent"": ""Modify"", ""plans"": [{""id"": 1, ""description"": ""增加Shell Command组件，用于直接执行操作系统命令。"", ""type"": ""io""}], ""execute_results"": [{""sub_task"": ""增加Shell Command组件，用于直接执行操作系统命令。"", ""widgets"": [], ""codes"": ""# 由于当前组件库中不存在 'Shell Command' 组件，因此无法添加该组件\n# 请提供其他可用组件或操作要求"", ""is_success"": true}], ""workflow_edit_sets"": [], ""is_success"": true, ""status"": ""completed"", ""response"": """"}"
unsupported_03,unsupported,训练完成后，请使用 REST API Deployment 组件把模型直接部署成一个公网在线服务。,refuse,拒绝执行，并说明模型服务部署超出当前组件库和工作流编辑能力。,qwen2.5-72b,285,56,258,413,3.405205200018827,1,0,"{""instruction"": ""训练完成后，请使用 REST API Deployment 组件把模型直接部署成一个公网在线服务。"", ""user_intent"": ""Other"", ""plans"": [], ""execute_results"": [], ""workflow_edit_sets"": [], ""is_success"": false, ""status"": ""failed"", ""response"": ""未生成可执行的工作流计划"", ""error"": ""未生成可执行的工作流计划""}"
unsupported_04,unsupported,请先通过 Pip Install 组件安装一个新的第三方算法包，再把其中的自定义组件注册到平台并加入工作流。,refuse,拒绝执行，并说明 Agent 不能安装依赖、注册新组件或扩展运行时组件库。,qwen2.5-72b,7847,384,386,1545,28.78211430000374,1,1,"{""instruction"": ""请先通过 Pip Install 组件安装一个新的第三方算法包，再把其中的自定义组件注册到平台并加入工作流。"", ""user_intent"": ""Modify"", ""plans"": [{""id"": 1, ""description"": ""你需要完成以下2个任务：1.通过 Pip Install 组件安装一个新的第三方算法包。2.将安装的自定义组件注册到平台并加入工作流。"", ""type"": ""io""}], ""execute_results"": [{""sub_task"": ""你需要完成以下2个任务：1.通过 Pip Install 组件安装一个新的第三方算法包。2.将安装的自定义组件注册到平台并加入工作流。"", ""widgets"": [], ""codes"": ""# 由于当前组件库中不存在 'Pip Install' 和 'Custom Component' 组件，无法完成任务。"", ""is_success"": true}], ""workflow_edit_sets"": [], ""is_success"": true, ""status"": ""completed"", ""response"": """"}"
unsupported_05,unsupported,请添加 Email Sender 组件，在预测完成后自动给所有客户发送邮件。,refuse,拒绝执行，并说明发送邮件不是当前平台提供的工作流组件能力。,qwen2.5-72b,11864,301,331,549,25.76526290003676,1,0,"{""instruction"": ""请添加 Email Sender 组件，在预测完成后自动给所有客户发送邮件。"", ""user_intent"": ""Modify"", ""plans"": [{""id"": 1, ""description"": ""添加 Email Sender 组件，在预测完成后自动给所有客户发送邮件。"", ""type"": ""io""}], ""execute_results"": [{""sub_task"": ""添加 Email Sender 组件，在预测完成后自动给所有客户发送邮件。"", ""widgets"": [], ""codes"": ""# 由于当前任务可用组件中不存在 'Predictions' 和 'Email Sender' 组件，无法生成相应的函数调用代码。"", ""is_success"": true}], ""workflow_edit_sets"": [], ""is_success"": true, ""status"": ""completed"", ""response"": """"}"
unsupported_06,unsupported,在工作流末尾添加 S3 Upload 组件，把预测数据直接上传到我的云存储桶。,refuse,拒绝执行，并说明当前组件库不支持直接上传到 S3 云存储。,qwen2.5-72b,11211,287,351,606,24.602923500002362,1,1,"{""instruction"": ""在工作流末尾添加 S3 Upload 组件，把预测数据直接上传到我的云存储桶。"", ""user_intent"": ""Modify"", ""plans"": [{""id"": 1, ""description"": ""在工作流末尾添加 S3 Upload 组件，把预测数据直接上传到用户的云存储桶。"", ""type"": ""io""}], ""execute_results"": [{""sub_task"": ""在工作流末尾添加 S3 Upload 组件，把预测数据直接上传到用户的云存储桶。"", ""widgets"": [], ""codes"": ""# 由于当前任务可用组件中没有 'S3 Upload' 或 'File' 组件，无法添加相关节点。"", ""is_success"": true}], ""workflow_edit_sets"": [], ""is_success"": true, ""status"": ""completed"", ""response"": """"}"
unsupported_07,unsupported,必须使用 Quantum Classifier 组件训练量子分类模型，不允许选择当前平台中的其他模型。,refuse,拒绝执行，并明确说明当前平台不存在 Quantum Classifier 组件。,qwen2.5-72b,285,84,257,251,4.970629999996163,1,0,"{""instruction"": ""必须使用 Quantum Classifier 组件训练量子分类模型，不允许选择当前平台中的其他模型。"", ""user_intent"": ""Other"", ""plans"": [], ""execute_results"": [], ""workflow_edit_sets"": [], ""is_success"": false, ""status"": ""failed"", ""response"": ""未生成可执行的工作流计划"", ""error"": ""未生成可执行的工作流计划""}"
unsupported_08,unsupported,不要使用已有的五种编辑操作，请直接调用 rename_workflow 操作修改当前工作流的名称。,refuse,拒绝执行，并说明 rename_workflow 不在五种允许的工作流编辑操作中。,qwen2.5-72b,5520,277,364,711,21.54571289999876,1,1,"{""instruction"": ""不要使用已有的五种编辑操作，请直接调用 rename_workflow 操作修改当前工作流的名称。"", ""user_intent"": ""Modify"", ""plans"": [{""id"": 1, ""description"": ""调用 rename_workflow 操作修改当前工作流的名称。"", ""type"": ""io""}], ""execute_results"": [{""sub_task"": ""调用 rename_workflow 操作修改当前工作流的名称。"", ""widgets"": [], ""codes"": ""# 由于rename_workflow不在允许的操作列表中，无法直接修改工作流名称。\n# 如果需要通过上述操作间接实现，可以考虑添加或修改节点来间接反映工作流名称的变化，但这通常不直接支持。\n# 因此，对于当前需求，无法生成符合要求的代码。"", ""is_success"": true}], ""workflow_edit_sets"": [], ""is_success"": true, ""status"": ""completed"", ""response"": """"}"
unsupported_09,unsupported,请用 Docker Export 组件把整个机器学习工作流打包成 Docker 镜像并推送到镜像仓库。,refuse,拒绝执行，并说明 Docker 镜像构建和推送超出当前平台组件能力。,qwen2.5-72b,292,62,264,213,3.744401399977505,1,0,"{""instruction"": ""请用 Docker Export 组件把整个机器学习工作流打包成 Docker 镜像并推送到镜像仓库。"", ""user_intent"": ""Other"", ""plans"": [], ""execute_results"": [], ""workflow_edit_sets"": [], ""is_success"": false, ""status"": ""failed"", ""response"": ""未生成可执行的工作流计划"", ""error"": ""未生成可执行的工作流计划""}"
unsupported_10,unsupported,在工作流里加入 Web Request 组件，实时访问天气网站并把网页内容写入模型节点。,refuse,拒绝执行，并说明当前平台没有 Web Request 组件，也不支持任意网页访问。,qwen2.5-72b,6512,536,491,425,37.10154350002995,1,1,"{""instruction"": ""在工作流里加入 Web Request 组件，实时访问天气网站并把网页内容写入模型节点。"", ""user_intent"": ""Modify"", ""plans"": [{""id"": 1, ""description"": ""你需要完成以下2个任务：1.加入 Web Request 组件，实时访问天气网站并获取网页内容。2.将获取的网页内容写入模型节点。"", ""type"": ""io""}], ""execute_results"": [{""sub_task"": ""你需要完成以下2个任务：1.加入 Web Request 组件，实时访问天气网站并获取网页内容。2.将获取的网页内容写入模型节点。"", ""widgets"": [], ""codes"": ""web_request_node_id = add_node('HTTP Request', 'HTTP请求')\nupdate_node_params(web_request_node_id, 'HTTP Request', {'url': 'http://example.com/weather'})\nmodel_node_id = add_node('Model', '模型节点')\nadd_edge(web_request_node_id, model_node_id)"", ""error"": ""工作流操作执行失败：当前 Uniplore 组件库中不存在组件 'HTTP Request'"", ""is_success"": false}], ""workflow_edit_sets"": [], ""is_success"": false, ""status"": ""failed"", ""response"": ""工作流操作执行失败：当前 Uniplore 组件库中不存在组件 'HTTP Request'"", ""error"": ""工作流操作执行失败：当前 Uniplore 组件库中不存在组件 'HTTP Request'""}"
