instruction,score,total_tokens,workflow,requirements,wgf1
帮我把加载的鸢尾花示例数据修改为加载房价示例数据集。,0.5,3937,"{""edges"": [], ""nodes"": [{""node_id"": ""2895"", ""widget_name"": ""File"", ""node_name"": ""文件加载"", ""node_params"": {""type"": ""sample"", ""filename"": ""housing.csv""}, ""matched"": true}]}","{""dependency_requirements"": [{""edge_id"": ""2376"", ""source_node_id"": ""2895"", ""target_node_id"": ""2896""}], ""step_requirements"": [{""node_id"": ""2895"", ""algorithm_step_name"": ""Tabular Dataset Loading"", ""node_name"": ""鸢尾花示例数据"", ""node_params"": {""type"": ""sample"", ""filename"": ""housing.csv""}, ""contrast_level"": 2, ""node_type"": ""io""}, {""node_id"": ""2896"", ""algorithm_step_name"": ""LightGBM"", ""node_name"": ""LightGBM分类器"", ""node_params"": {""boosting_type"": ""gbdt"", ""n_estimators"": 10, ""learning_rate"": 0.1, ""sampling_rate"": 0.1, ""max_depth_check"": false, ""max_depth"": 3, ""num_leaves_check"": false, ""num_leaves"": 31}, ""contrast_level"": 2, ""node_type"": ""model""}]}",0.6667
帮我把LightGBM模型的学习器类型重新设置为rf，学习率修改为0.01。,0.5,4534,"{""edges"": [], ""nodes"": [{""node_id"": ""2896"", ""widget_name"": ""LightGBM"", ""node_name"": ""LightGBM"", ""node_params"": {""boosting_type"": ""rf"", ""n_estimators"": 10, ""learning_rate"": 0.01, ""sampling_rate"": 0.1, ""max_depth_check"": false, ""max_depth"": 3, ""num_leaves_check"": false, ""num_leaves"": 31}, ""matched"": true}]}","{""dependency_requirements"": [{""edge_id"": ""2376"", ""source_node_id"": ""2895"", ""target_node_id"": ""2896""}], ""step_requirements"": [{""node_id"": ""2895"", ""algorithm_step_name"": ""Tabular Dataset Loading"", ""node_name"": ""鸢尾花示例数据"", ""node_params"": {""type"": ""sample"", ""filename"": ""iris.csv""}, ""contrast_level"": 2, ""node_type"": ""io""}, {""node_id"": ""2896"", ""algorithm_step_name"": ""LightGBM"", ""node_name"": ""LightGBM分类器"", ""node_params"": {""boosting_type"": ""rf"", ""n_estimators"": 10, ""learning_rate"": 0.01, ""sampling_rate"": 0.1, ""max_depth_check"": false, ""max_depth"": 3, ""num_leaves_check"": false, ""num_leaves"": 31}, ""contrast_level"": 2, ""node_type"": ""model""}]}",0.6667
帮我添加一个缺失值处理步骤，以便对鸢尾花数据进行缺失值处理,0.3333,4647,"{""edges"": [], ""nodes"": [{""node_id"": ""5159"", ""widget_name"": ""Impute"", ""node_name"": ""缺失值处理"", ""node_params"": {""method"": 1}, ""matched"": true}]}","{""dependency_requirements"": [{""edge_id"": ""4027"", ""source_node_id"": ""5159"", ""target_node_id"": ""5158""}, {""edge_id"": ""4028"", ""source_node_id"": ""5157"", ""target_node_id"": ""5159""}], ""step_requirements"": [{""node_id"": ""5157"", ""algorithm_step_name"": ""Tabular Dataset Loading"", ""node_name"": ""鸢尾花示例数据"", ""node_params"": {""type"": ""sample"", ""filename"": ""iris.csv""}, ""contrast_level"": 2, ""node_type"": ""io""}, {""node_id"": ""5158"", ""algorithm_step_name"": ""LightGBM"", ""node_name"": ""LightGBM分类器"", ""node_params"": {""boosting_type"": ""gbdt"", ""n_estimators"": 10, ""learning_rate"": 0.1, ""sampling_rate"": 0.1, ""max_depth_check"": false, ""max_depth"": 3, ""num_leaves_check"": false, ""num_leaves"": 31}, ""contrast_level"": 2, ""node_type"": ""model""}, {""node_id"": ""5159"", ""algorithm_step_name"": ""Missing Value Handling"", ""node_name"": ""Impute"", ""node_params"": {}, ""contrast_level"": 1, ""node_type"": ""preprocess""}]}",0.5
帮我在模型训练之前添加一个数据划分步骤，以便将处理后的数据进行拆分。,0.25,5371,"{""edges"": [], ""nodes"": [{""node_id"": ""5163"", ""widget_name"": ""Data Sampler"", ""node_name"": ""数据划分"", ""node_params"": {""sampling_type"": 0, ""percentage"": 10, ""n_samples"": 15, ""replacement"": false, ""n_folds"": 10, ""selected_folds"": 1, ""replicable"": false, ""stratified"": false}, ""matched"": true}]}","{""dependency_requirements"": [{""edge_id"": ""4029"", ""source_node_id"": ""5160"", ""target_node_id"": ""5161""}, {""edge_id"": ""4030"", ""source_node_id"": ""5163"", ""target_node_id"": ""5162""}, {""edge_id"": ""4031"", ""source_node_id"": ""5161"", ""target_node_id"": ""5163""}], ""step_requirements"": [{""node_id"": ""5160"", ""algorithm_step_name"": ""Tabular Dataset Loading"", ""node_name"": ""鸢尾花示例数据"", ""node_params"": {""type"": ""sample"", ""filename"": ""iris.csv""}, ""contrast_level"": 2, ""node_type"": ""io""}, {""node_id"": ""5161"", ""algorithm_step_name"": ""Missing Value Handling"", ""node_name"": ""缺失值填充"", ""node_params"": {""method"": 1}, ""contrast_level"": 2, ""node_type"": ""preprocess""}, {""node_id"": ""5162"", ""algorithm_step_name"": ""LightGBM"", ""node_name"": ""LightGBM分类器"", ""node_params"": {""boosting_type"": ""gbdt"", ""n_estimators"": 10, ""learning_rate"": 0.1, ""sampling_rate"": 0.1, ""max_depth_check"": false, ""max_depth"": 3, ""num_leaves_check"": false, ""num_leaves"": 31}, ""contrast_level"": 2, ""node_type"": ""model""}, {""node_id"": ""5163"", ""algorithm_step_name"": ""Dataset Division"", ""node_name"": ""Data Sampler"", ""node_params"": {}, ""contrast_level"": 1, ""node_type"": ""preprocess""}]}",0.4
我需要将数据划分的比例设置为8:2,0.25,4819,"{""edges"": [], ""nodes"": [{""node_id"": ""5166"", ""widget_name"": ""Data Sampler"", ""node_name"": ""数据划分"", ""node_params"": {""sampling_type"": 0, ""percentage"": 20, ""n_samples"": 15, ""replacement"": false, ""n_folds"": 10, ""selected_folds"": 1, ""replicable"": false, ""stratified"": false}, ""matched"": true}]}","{""dependency_requirements"": [{""edge_id"": ""4032"", ""source_node_id"": ""5164"", ""target_node_id"": ""5165""}, {""edge_id"": ""4033"", ""source_node_id"": ""5165"", ""target_node_id"": ""5166""}, {""edge_id"": ""4034"", ""source_node_id"": ""5166"", ""target_node_id"": ""5167""}], ""step_requirements"": [{""node_id"": ""5164"", ""algorithm_step_name"": ""Tabular Dataset Loading"", ""node_name"": ""鸢尾花示例数据"", ""node_params"": {""type"": ""sample"", ""filename"": ""iris.csv""}, ""contrast_level"": 2, ""node_type"": ""io""}, {""node_id"": ""5165"", ""algorithm_step_name"": ""Missing Value Handling"", ""node_name"": ""缺失值填充"", ""node_params"": {""method"": 1}, ""contrast_level"": 2, ""node_type"": ""preprocess""}, {""node_id"": ""5166"", ""algorithm_step_name"": ""Dataset Division"", ""node_name"": ""数据采样"", ""node_params"": {""sampling_type"": 0, ""percentage"": 20, ""n_samples"": 15, ""replacement"": false, ""n_folds"": 10, ""selected_folds"": 1, ""replicable"": false, ""stratified"": false}, ""contrast_level"": 2, ""node_type"": ""preprocess""}, {""node_id"": ""5167"", ""algorithm_step_name"": ""LightGBM"", ""node_name"": ""LightGBM分类器"", ""node_params"": {""boosting_type"": ""gbdt"", ""n_estimators"": 10, ""learning_rate"": 0.1, ""sampling_rate"": 0.1, ""max_depth_check"": false, ""max_depth"": 3, ""num_leaves_check"": false, ""num_leaves"": 31}, ""contrast_level"": 2, ""node_type"": ""model""}]}",0.4
帮我添加一个模型评估步骤,0.2,4093,"{""edges"": [], ""nodes"": [{""node_id"": ""2903"", ""widget_name"": ""Test & Score"", ""node_name"": ""模型评估"", ""node_params"": {}, ""matched"": true}]}","{""dependency_requirements"": [{""edge_id"": ""2379"", ""source_node_id"": ""2899"", ""target_node_id"": ""2900""}, {""edge_id"": ""2380"", ""source_node_id"": ""2900"", ""target_node_id"": ""2901""}, {""edge_id"": ""2381"", ""source_node_id"": ""2901"", ""target_node_id"": ""2902""}, {""edge_id"": ""2382"", ""source_node_id"": ""2901"", ""target_node_id"": ""2903""}, {""edge_id"": ""2384"", ""source_node_id"": ""2902"", ""target_node_id"": ""2903""}], ""step_requirements"": [{""node_id"": ""2899"", ""algorithm_step_name"": ""Tabular Dataset Loading"", ""node_name"": ""鸢尾花示例数据"", ""node_params"": {""type"": ""sample"", ""filename"": ""iris.csv""}, ""contrast_level"": 2, ""node_type"": ""io""}, {""node_id"": ""2900"", ""algorithm_step_name"": ""Missing Value Handling"", ""node_name"": ""缺失值处理"", ""node_params"": {""method"": 1}, ""contrast_level"": 2, ""node_type"": ""preprocess""}, {""node_id"": ""2901"", ""algorithm_step_name"": ""Dataset Division"", ""node_name"": ""数据划分处理"", ""node_params"": {""sampling_type"": 0, ""percentage"": 10, ""n_samples"": 15, ""replacement"": false, ""n_folds"": 10, ""selected_folds"": 1, ""replicable"": false, ""stratified"": false}, ""contrast_level"": 2, ""node_type"": ""preprocess""}, {""node_id"": ""2902"", ""algorithm_step_name"": ""LightGBM"", ""node_name"": ""LightGBM分类器"", ""node_params"": {""boosting_type"": ""gbdt"", ""n_estimators"": 10, ""learning_rate"": 0.1, ""sampling_rate"": 0.1, ""max_depth_check"": false, ""max_depth"": 3, ""num_leaves_check"": false, ""num_leaves"": 31}, ""contrast_level"": 2, ""node_type"": ""model""}, {""node_id"": ""2903"", ""algorithm_step_name"": ""Model Evaluate"", ""node_name"": ""模型评估"", ""node_params"": {}, ""contrast_level"": 1, ""node_type"": ""evaluate""}]}",0.3333
数据集中没有缺失值，所以帮我把缺失值这个步骤删除掉。,0.0,4515,"{""edges"": [], ""nodes"": []}","{""dependency_requirements"": [{""edge_id"": ""2387"", ""source_node_id"": ""2906"", ""target_node_id"": ""2907""}, {""edge_id"": ""2388"", ""source_node_id"": ""2906"", ""target_node_id"": ""2908""}, {""edge_id"": ""2390"", ""source_node_id"": ""2907"", ""target_node_id"": ""2908""}, {""edge_id"": ""2391"", ""source_node_id"": ""2904"", ""target_node_id"": ""2906""}], ""step_requirements"": [{""node_id"": ""2904"", ""algorithm_step_name"": ""Tabular Dataset Loading"", ""node_name"": ""鸢尾花示例数据"", ""node_params"": {""type"": ""sample"", ""filename"": ""iris.csv""}, ""contrast_level"": 2, ""node_type"": ""io""}, {""node_id"": ""2906"", ""algorithm_step_name"": ""Dataset Division"", ""node_name"": ""数据划分处理"", ""node_params"": {""sampling_type"": 0, ""percentage"": 10, ""n_samples"": 15, ""replacement"": false, ""n_folds"": 10, ""selected_folds"": 1, ""replicable"": false, ""stratified"": false}, ""contrast_level"": 2, ""node_type"": ""preprocess""}, {""node_id"": ""2907"", ""algorithm_step_name"": ""LightGBM"", ""node_name"": ""LightGBM分类器"", ""node_params"": {""boosting_type"": ""gbdt"", ""n_estimators"": 10, ""learning_rate"": 0.1, ""sampling_rate"": 0.1, ""max_depth_check"": false, ""max_depth"": 3, ""num_leaves_check"": false, ""num_leaves"": 31}, ""contrast_level"": 2, ""node_type"": ""model""}, {""node_id"": ""2908"", ""algorithm_step_name"": ""Model Evaluate"", ""node_name"": ""模型评估"", ""node_params"": {}, ""contrast_level"": 2, ""node_type"": ""evaluate""}]}",0.0
删除工作流中的KNN模型。,0.0,3970,"{""edges"": [], ""nodes"": []}","{""dependency_requirements"": [{""edge_id"": ""2399"", ""source_node_id"": ""2914"", ""target_node_id"": ""2915""}, {""edge_id"": ""2400"", ""source_node_id"": ""2915"", ""target_node_id"": ""2916""}, {""edge_id"": ""2402"", ""source_node_id"": ""2915"", ""target_node_id"": ""2918""}, {""edge_id"": ""2404"", ""source_node_id"": ""2916"", ""target_node_id"": ""2918""}], ""step_requirements"": [{""node_id"": ""2914"", ""algorithm_step_name"": ""Tabular Dataset Loading"", ""node_name"": ""鸢尾花示例数据"", ""node_params"": {""type"": ""sample"", ""filename"": ""iris.csv""}, ""contrast_level"": 2, ""node_type"": ""io""}, {""node_id"": ""2915"", ""algorithm_step_name"": ""Dataset Division"", ""node_name"": ""数据划分处理"", ""node_params"": {""sampling_type"": 0, ""percentage"": 10, ""n_samples"": 15, ""replacement"": false, ""n_folds"": 10, ""selected_folds"": 1, ""replicable"": false, ""stratified"": false}, ""contrast_level"": 2, ""node_type"": ""preprocess""}, {""node_id"": ""2916"", ""algorithm_step_name"": ""LightGBM"", ""node_name"": ""LightGBM分类器"", ""node_params"": {""boosting_type"": ""gbdt"", ""n_estimators"": 10, ""learning_rate"": 0.1, ""sampling_rate"": 0.1, ""max_depth_check"": false, ""max_depth"": 3, ""num_leaves_check"": false, ""num_leaves"": 31}, ""contrast_level"": 2, ""node_type"": ""model""}, {""node_id"": ""2918"", ""algorithm_step_name"": ""Model Evaluate"", ""node_name"": ""模型评估"", ""node_params"": {}, ""contrast_level"": 2, ""node_type"": ""evaluate""}]}",0.0
帮我把工作流中的缺失值处理步骤和多余的KNN模型都删除掉,0.0,7964,"{""edges"": [], ""nodes"": []}","{""dependency_requirements"": [{""edge_id"": ""2408"", ""source_node_id"": ""2921"", ""target_node_id"": ""2922""}, {""edge_id"": ""2410"", ""source_node_id"": ""2921"", ""target_node_id"": ""2924""}, {""edge_id"": ""2412"", ""source_node_id"": ""2922"", ""target_node_id"": ""2924""}, {""edge_id"": ""2414"", ""source_node_id"": ""2919"", ""target_node_id"": ""2921""}], ""step_requirements"": [{""node_id"": ""2919"", ""algorithm_step_name"": ""Tabular Dataset Loading"", ""node_name"": ""鸢尾花示例数据"", ""node_params"": {""type"": ""sample"", ""filename"": ""iris.csv""}, ""contrast_level"": 2, ""node_type"": ""io""}, {""node_id"": ""2921"", ""algorithm_step_name"": ""Dataset Division"", ""node_name"": ""数据划分处理"", ""node_params"": {""sampling_type"": 0, ""percentage"": 10, ""n_samples"": 15, ""replacement"": false, ""n_folds"": 10, ""selected_folds"": 1, ""replicable"": false, ""stratified"": false}, ""contrast_level"": 2, ""node_type"": ""preprocess""}, {""node_id"": ""2922"", ""algorithm_step_name"": ""LightGBM"", ""node_name"": ""LightGBM分类器"", ""node_params"": {""boosting_type"": ""gbdt"", ""n_estimators"": 10, ""learning_rate"": 0.1, ""sampling_rate"": 0.1, ""max_depth_check"": false, ""max_depth"": 3, ""num_leaves_check"": false, ""num_leaves"": 31}, ""contrast_level"": 2, ""node_type"": ""model""}, {""node_id"": ""2924"", ""algorithm_step_name"": ""Model Evaluate"", ""node_name"": ""模型评估"", ""node_params"": {}, ""contrast_level"": 2, ""node_type"": ""evaluate""}]}",0.0
在数据抽样之前添加一个特征选择步骤，然后把数据抽样的抽样比例设置为抽取30%。,0.2,11764,"{""edges"": [{""edge_id"": ""10474"", ""source_node_id"": ""2991"", ""target_node_id"": ""13582""}], ""nodes"": [{""node_id"": ""2991"", ""widget_name"": ""Select Best N Attributes"", ""node_name"": ""选择最佳N个特征"", ""node_params"": {""n"": 3}, ""matched"": true}, {""node_id"": ""13582"", ""widget_name"": ""Select Best N Attributes"", ""node_name"": ""选择最佳N个特征"", ""node_params"": {""n"": 3}, ""matched"": false}]}","{""dependency_requirements"": [{""edge_id"": ""2485"", ""source_node_id"": ""2991"", ""target_node_id"": ""2988""}, {""edge_id"": ""2486"", ""source_node_id"": ""2988"", ""target_node_id"": ""2989""}, {""edge_id"": ""2487"", ""source_node_id"": ""2988"", ""target_node_id"": ""2990""}, {""edge_id"": ""2488"", ""source_node_id"": ""2989"", ""target_node_id"": ""2990""}, {""edge_id"": ""2489"", ""source_node_id"": ""2987"", ""target_node_id"": ""2991""}], ""step_requirements"": [{""node_id"": ""2987"", ""algorithm_step_name"": ""Tabular Dataset Loading"", ""node_name"": ""鸢尾花示例数据"", ""node_params"": {""type"": ""sample"", ""filename"": ""iris.csv""}, ""contrast_level"": 2, ""node_type"": ""io""}, {""node_id"": ""2988"", ""algorithm_step_name"": ""Dataset Division"", ""node_name"": ""数据划分处理"", ""node_params"": {""sampling_type"": 0, ""percentage"": 30, ""n_samples"": 15, ""replacement"": false, ""n_folds"": 10, ""selected_folds"": 1, ""replicable"": false, ""stratified"": false}, ""contrast_level"": 2, ""node_type"": ""preprocess""}, {""node_id"": ""2989"", ""algorithm_step_name"": ""LightGBM"", ""node_name"": ""LightGBM分类器"", ""node_params"": {""boosting_type"": ""gbdt"", ""n_estimators"": 10, ""learning_rate"": 0.1, ""sampling_rate"": 0.1, ""max_depth_check"": false, ""max_depth"": 3, ""num_leaves_check"": false, ""num_leaves"": 31}, ""contrast_level"": 2, ""node_type"": ""model""}, {""node_id"": ""2990"", ""algorithm_step_name"": ""Test Dataset Predictions"", ""node_name"": ""预测"", ""node_params"": {""output_attrs"": true, ""output_predictions"": true, ""output_probabilities"": false}, ""contrast_level"": 2, ""node_type"": ""predict""}, {""node_id"": ""2991"", ""algorithm_step_name"": ""Feature Selection"", ""node_name"": ""自动特征选择"", ""node_params"": {}, ""contrast_level"": 1, ""node_type"": ""feature engineering""}]}",0.2857
帮我把数据划分的比例改为5:5，最后还需要你添加一个步骤帮我把预测结果保存。,0.2,11204,"{""edges"": [], ""nodes"": [{""node_id"": ""2986"", ""widget_name"": ""Save Data"", ""node_name"": ""保存预测结果"", ""node_params"": {}, ""matched"": true}]}","{""dependency_requirements"": [{""edge_id"": ""2480"", ""source_node_id"": ""2982"", ""target_node_id"": ""2983""}, {""edge_id"": ""2481"", ""source_node_id"": ""2983"", ""target_node_id"": ""2984""}, {""edge_id"": ""2482"", ""source_node_id"": ""2983"", ""target_node_id"": ""2985""}, {""edge_id"": ""2483"", ""source_node_id"": ""2984"", ""target_node_id"": ""2985""}, {""edge_id"": ""2484"", ""source_node_id"": ""2985"", ""target_node_id"": ""2986""}], ""step_requirements"": [{""node_id"": ""2982"", ""algorithm_step_name"": ""Tabular Dataset Loading"", ""node_name"": ""鸢尾花示例数据"", ""node_params"": {""type"": ""sample"", ""filename"": ""iris.csv""}, ""contrast_level"": 2, ""node_type"": ""io""}, {""node_id"": ""2983"", ""algorithm_step_name"": ""Dataset Division"", ""node_name"": ""数据划分处理"", ""node_params"": {""sampling_type"": 0, ""percentage"": 50, ""n_samples"": 15, ""replacement"": false, ""n_folds"": 10, ""selected_folds"": 1, ""replicable"": false, ""stratified"": false}, ""contrast_level"": 2, ""node_type"": ""preprocess""}, {""node_id"": ""2984"", ""algorithm_step_name"": ""LightGBM"", ""node_name"": ""LightGBM分类器"", ""node_params"": {""boosting_type"": ""gbdt"", ""n_estimators"": 10, ""learning_rate"": 0.1, ""sampling_rate"": 0.1, ""max_depth_check"": false, ""max_depth"": 3, ""num_leaves_check"": false, ""num_leaves"": 31}, ""contrast_level"": 2, ""node_type"": ""model""}, {""node_id"": ""2985"", ""algorithm_step_name"": ""Test Dataset Predictions"", ""node_name"": ""预测"", ""node_params"": {""output_attrs"": true, ""output_predictions"": true, ""output_probabilities"": false}, ""contrast_level"": 2, ""node_type"": ""predict""}, {""node_id"": ""2986"", ""algorithm_step_name"": ""Save Data"", ""node_name"": ""Save Data"", ""node_params"": {}, ""contrast_level"": 1, ""node_type"": ""io""}]}",0.3333
帮我把目标检测使用的模型换成SSD，学习率使用0.02。最后，我还需要查看训练日志。,1.0,8559,"{""edges"": [{""edge_id"": ""10475"", ""source_node_id"": ""2998"", ""target_node_id"": ""2999""}, {""edge_id"": ""10476"", ""source_node_id"": ""2999"", ""target_node_id"": ""3000""}], ""nodes"": [{""node_id"": ""2998"", ""widget_name"": ""Image"", ""node_name"": ""图像加载节点"", ""node_params"": {}, ""matched"": true}, {""node_id"": ""2999"", ""widget_name"": ""Object Detection"", ""node_name"": ""目标检测模型"", ""node_params"": {""frame"": ""pytorch"", ""select_model"": ""SSD"", ""backbone"": ""DarkNet53"", ""epoch"": 3, ""learning_rate"": 0.02, ""batch_size"": 2}, ""matched"": true}, {""node_id"": ""3000"", ""widget_name"": ""Train Log"", ""node_name"": ""训练日志"", ""node_params"": {}, ""matched"": true}]}","{""dependency_requirements"": [{""edge_id"": ""2495"", ""source_node_id"": ""2998"", ""target_node_id"": ""2999""}, {""edge_id"": ""2496"", ""source_node_id"": ""2999"", ""target_node_id"": ""3000""}], ""step_requirements"": [{""node_id"": ""2998"", ""algorithm_step_name"": ""Image Dataset Loading"", ""node_name"": ""猫狗图像数据"", ""node_params"": {}, ""contrast_level"": 2, ""node_type"": ""io""}, {""node_id"": ""2999"", ""algorithm_step_name"": ""Object Detection Model"", ""node_name"": ""目标检测"", ""node_params"": {""frame"": ""pytorch"", ""select_model"": ""SSD"", ""backbone"": ""DarkNet53"", ""epoch"": 3, ""learning_rate"": 0.02, ""batch_size"": 2}, ""contrast_level"": 2, ""node_type"": ""model""}, {""node_id"": ""3000"", ""algorithm_step_name"": ""Train Log"", ""node_name"": ""训练日志"", ""node_params"": {}, ""contrast_level"": 2, ""node_type"": ""visualize""}]}",1.0
帮我把缺失值处理方式修改为使用平均值填补，然后把多余的KNN模型删除掉。,0.2,7250,"{""edges"": [], ""nodes"": [{""node_id"": ""2959"", ""widget_name"": ""Impute"", ""node_name"": ""缺失值处理"", ""node_params"": {""method"": 2}, ""matched"": true}]}","{""dependency_requirements"": [{""edge_id"": ""2447"", ""source_node_id"": ""2958"", ""target_node_id"": ""2959""}, {""edge_id"": ""2448"", ""source_node_id"": ""2959"", ""target_node_id"": ""2960""}, {""edge_id"": ""2449"", ""source_node_id"": ""2960"", ""target_node_id"": ""2961""}, {""edge_id"": ""2451"", ""source_node_id"": ""2960"", ""target_node_id"": ""2963""}, {""edge_id"": ""2453"", ""source_node_id"": ""2961"", ""target_node_id"": ""2963""}], ""step_requirements"": [{""node_id"": ""2958"", ""algorithm_step_name"": ""Tabular Dataset Loading"", ""node_name"": ""鸢尾花示例数据"", ""node_params"": {""type"": ""sample"", ""filename"": ""iris.csv""}, ""contrast_level"": 2, ""node_type"": ""io""}, {""node_id"": ""2959"", ""algorithm_step_name"": ""Missing Value Handling"", ""node_name"": ""缺失值处理"", ""node_params"": {""method"": 2}, ""contrast_level"": 2, ""node_type"": ""preprocess""}, {""node_id"": ""2960"", ""algorithm_step_name"": ""Dataset Division"", ""node_name"": ""数据划分处理"", ""node_params"": {""sampling_type"": 0, ""percentage"": 10, ""n_samples"": 15, ""replacement"": false, ""n_folds"": 10, ""selected_folds"": 1, ""replicable"": false, ""stratified"": false}, ""contrast_level"": 2, ""node_type"": ""preprocess""}, {""node_id"": ""2961"", ""algorithm_step_name"": ""LightGBM"", ""node_name"": ""LightGBM分类器"", ""node_params"": {""boosting_type"": ""gbdt"", ""n_estimators"": 10, ""learning_rate"": 0.1, ""sampling_rate"": 0.1, ""max_depth_check"": false, ""max_depth"": 3, ""num_leaves_check"": false, ""num_leaves"": 31}, ""contrast_level"": 2, ""node_type"": ""model""}, {""node_id"": ""2963"", ""algorithm_step_name"": ""Model Evaluate"", ""node_name"": ""模型评估"", ""node_params"": {}, ""contrast_level"": 2, ""node_type"": ""evaluate""}]}",0.3333
独热编码这个步骤是冗余的，帮我删除掉。在这之后还需要你将随机森林数的数量改为30，缺失值的处理方法改为用随机值填补。,0.4,11378,"{""edges"": [], ""nodes"": [{""node_id"": ""3006"", ""widget_name"": ""Random Forest"", ""node_name"": ""随机森林模型"", ""node_params"": {""n_estimators"": 30, ""use_max_features"": false, ""max_features"": ""auto"", ""use_random_state"": false, ""use_max_depth"": false, ""max_depth"": 3, ""use_min_samples_split"": true, ""min_samples_split"": 2}, ""matched"": true}, {""node_id"": ""3003"", ""widget_name"": ""Impute"", ""node_name"": ""缺失值处理"", ""node_params"": {""method"": 4}, ""matched"": true}]}","{""dependency_requirements"": [{""edge_id"": ""2497"", ""source_node_id"": ""3002"", ""target_node_id"": ""3003""}, {""edge_id"": ""2500"", ""source_node_id"": ""3005"", ""target_node_id"": ""3006""}, {""edge_id"": ""2501"", ""source_node_id"": ""3005"", ""target_node_id"": ""3007""}, {""edge_id"": ""2503"", ""source_node_id"": ""3006"", ""target_node_id"": ""3007""}, {""edge_id"": ""2504"", ""source_node_id"": ""3003"", ""target_node_id"": ""3005""}], ""step_requirements"": [{""node_id"": ""3002"", ""algorithm_step_name"": ""Tabular Dataset Loading"", ""node_name"": ""数据"", ""node_params"": {""type"": ""sample"", ""filename"": ""iris.csv""}, ""contrast_level"": 2, ""node_type"": ""io""}, {""node_id"": ""3003"", ""algorithm_step_name"": ""Missing Value Handling"", ""node_name"": ""缺失值处理"", ""node_params"": {""method"": 4}, ""contrast_level"": 2, ""node_type"": ""preprocess""}, {""node_id"": ""3005"", ""algorithm_step_name"": ""Dataset Division"", ""node_name"": ""数据采样"", ""node_params"": {""sampling_type"": 0, ""percentage"": 10, ""n_samples"": 15, ""replacement"": false, ""n_folds"": 10, ""selected_folds"": 1, ""replicable"": false, ""stratified"": false}, ""contrast_level"": 2, ""node_type"": ""preprocess""}, {""node_id"": ""3006"", ""algorithm_step_name"": ""Random Forest"", ""node_name"": ""随机森林"", ""node_params"": {""n_estimators"": 30, ""use_max_features"": false, ""max_features"": ""auto"", ""use_random_state"": false, ""use_max_depth"": false, ""max_depth"": 3, ""use_min_samples_split"": true, ""min_samples_split"": 2}, ""contrast_level"": 2, ""node_type"": ""model""}, {""node_id"": ""3007"", ""algorithm_step_name"": ""Model Evaluate"", ""node_name"": ""测试得分"", ""node_params"": {}, ""contrast_level"": 2, ""node_type"": ""evaluate""}]}",0.2857
帮我把多余的模型都删除掉，只留下LightGBM，并把LightGBM的学习率改为0.01。,0.25,3746,"{""edges"": [], ""nodes"": [{""node_id"": ""3035"", ""widget_name"": ""LightGBM"", ""node_name"": ""LightGBM"", ""node_params"": {""boosting_type"": ""gbdt"", ""n_estimators"": 10, ""learning_rate"": 0.01, ""sampling_rate"": 0.1, ""max_depth_check"": false, ""max_depth"": 3, ""num_leaves_check"": false, ""num_leaves"": 31}, ""matched"": true}]}","{""dependency_requirements"": [{""edge_id"": ""2536"", ""source_node_id"": ""3032"", ""target_node_id"": ""3033""}, {""edge_id"": ""2538"", ""source_node_id"": ""3033"", ""target_node_id"": ""3035""}, {""edge_id"": ""2541"", ""source_node_id"": ""3033"", ""target_node_id"": ""3038""}, {""edge_id"": ""2544"", ""source_node_id"": ""3035"", ""target_node_id"": ""3038""}], ""step_requirements"": [{""node_id"": ""3032"", ""algorithm_step_name"": ""Tabular Dataset Loading"", ""node_name"": ""数据"", ""node_params"": {""type"": ""sample"", ""filename"": ""iris.csv""}, ""contrast_level"": 2, ""node_type"": ""io""}, {""node_id"": ""3033"", ""algorithm_step_name"": ""Dataset Division"", ""node_name"": ""数据采样"", ""node_params"": {""sampling_type"": 0, ""percentage"": 10, ""n_samples"": 15, ""replacement"": false, ""n_folds"": 10, ""selected_folds"": 1, ""replicable"": false, ""stratified"": false}, ""contrast_level"": 2, ""node_type"": ""preprocess""}, {""node_id"": ""3035"", ""algorithm_step_name"": ""LightGBM"", ""node_name"": ""LightGBM"", ""node_params"": {""boosting_type"": ""gbdt"", ""n_estimators"": 10, ""learning_rate"": 0.01, ""sampling_rate"": 0.1, ""max_depth_check"": false, ""max_depth"": 3, ""num_leaves_check"": false, ""num_leaves"": 31}, ""contrast_level"": 2, ""node_type"": ""model""}, {""node_id"": ""3038"", ""algorithm_step_name"": ""Model Evaluate"", ""node_name"": ""测试得分"", ""node_params"": {}, ""contrast_level"": 2, ""node_type"": ""evaluate""}]}",0.4
帮我把LightGBM模型更换为XGBoost。,0.2,5273,"{""edges"": [], ""nodes"": [{""node_id"": ""2969"", ""widget_name"": ""XGBoost"", ""node_name"": ""XGBoost分类器"", ""node_params"": {""booster"": ""gbtree"", ""learning_rate"": 0.3, ""gamma"": 0, ""max_depth"": 6, ""min_child_widget"": 1, ""max_delta_step"": 0, ""subsample"": 1, ""sampling_method"": ""uniform"", ""lambda"": 1, ""alpha"": 0, ""tree_method"": ""auto"", ""scale_pos_weight"": 1, ""updater"": ""grow_colmaker"", ""process_type"": ""default"", ""grow_policy"": ""depthwise""}, ""matched"": true}]}","{""dependency_requirements"": [{""edge_id"": ""2455"", ""source_node_id"": ""2964"", ""target_node_id"": ""2965""}, {""edge_id"": ""2456"", ""source_node_id"": ""2965"", ""target_node_id"": ""2966""}, {""edge_id"": ""2458"", ""source_node_id"": ""2966"", ""target_node_id"": ""2968""}, {""edge_id"": ""2461"", ""source_node_id"": ""2966"", ""target_node_id"": ""2969""}, {""edge_id"": ""2462"", ""source_node_id"": ""2969"", ""target_node_id"": ""2968""}], ""step_requirements"": [{""node_id"": ""2964"", ""algorithm_step_name"": ""Tabular Dataset Loading"", ""node_name"": ""鸢尾花示例数据"", ""node_params"": {""type"": ""sample"", ""filename"": ""iris.csv""}, ""contrast_level"": 2, ""node_type"": ""io""}, {""node_id"": ""2965"", ""algorithm_step_name"": ""Missing Value Handling"", ""node_name"": ""缺失值处理"", ""node_params"": {""method"": 1}, ""contrast_level"": 2, ""node_type"": ""preprocess""}, {""node_id"": ""2966"", ""algorithm_step_name"": ""Dataset Division"", ""node_name"": ""数据划分处理"", ""node_params"": {""sampling_type"": 0, ""percentage"": 10, ""n_samples"": 15, ""replacement"": false, ""n_folds"": 10, ""selected_folds"": 1, ""replicable"": false, ""stratified"": false}, ""contrast_level"": 2, ""node_type"": ""preprocess""}, {""node_id"": ""2968"", ""algorithm_step_name"": ""Model Evaluate"", ""node_name"": ""模型评估"", ""node_params"": {}, ""contrast_level"": 2, ""node_type"": ""evaluate""}, {""node_id"": ""2969"", ""algorithm_step_name"": ""XGBoost"", ""node_name"": ""XGBoost分类器"", ""node_params"": {}, ""contrast_level"": 1, ""node_type"": ""model""}]}",0.3333
我不需要对模型进行评估了，帮我把模型评估组件换成预测组件。,0.0,12598,"{""edges"": [], ""nodes"": []}","{""dependency_requirements"": [{""edge_id"": ""2463"", ""source_node_id"": ""2970"", ""target_node_id"": ""2971""}, {""edge_id"": ""2464"", ""source_node_id"": ""2971"", ""target_node_id"": ""2972""}, {""edge_id"": ""2465"", ""source_node_id"": ""2972"", ""target_node_id"": ""2973""}, {""edge_id"": ""2469"", ""source_node_id"": ""2972"", ""target_node_id"": ""2975""}, {""edge_id"": ""2470"", ""source_node_id"": ""2973"", ""target_node_id"": ""2975""}], ""step_requirements"": [{""node_id"": ""2970"", ""algorithm_step_name"": ""Tabular Dataset Loading"", ""node_name"": ""鸢尾花示例数据"", ""node_params"": {""type"": ""sample"", ""filename"": ""iris.csv""}, ""contrast_level"": 2, ""node_type"": ""io""}, {""node_id"": ""2971"", ""algorithm_step_name"": ""Missing Value Handling"", ""node_name"": ""缺失值处理"", ""node_params"": {""method"": 1}, ""contrast_level"": 2, ""node_type"": ""preprocess""}, {""node_id"": ""2972"", ""algorithm_step_name"": ""Dataset Division"", ""node_name"": ""数据划分处理"", ""node_params"": {""sampling_type"": 0, ""percentage"": 10, ""n_samples"": 15, ""replacement"": false, ""n_folds"": 10, ""selected_folds"": 1, ""replicable"": false, ""stratified"": false}, ""contrast_level"": 2, ""node_type"": ""preprocess""}, {""node_id"": ""2973"", ""algorithm_step_name"": ""LightGBM"", ""node_name"": ""LightGBM分类器"", ""node_params"": {""boosting_type"": ""gbdt"", ""n_estimators"": 10, ""learning_rate"": 0.1, ""sampling_rate"": 0.1, ""max_depth_check"": false, ""max_depth"": 3, ""num_leaves_check"": false, ""num_leaves"": 31}, ""contrast_level"": 2, ""node_type"": ""model""}, {""node_id"": ""2975"", ""algorithm_step_name"": ""Test Dataset Predictions"", ""node_name"": ""预测"", ""node_params"": {}, ""contrast_level"": 1, ""node_type"": ""predict""}]}",0.0
帮我把缺失值处理步骤删除掉，并换一个更好的模型。,0.25,9275,"{""edges"": [], ""nodes"": [{""node_id"": ""2981"", ""widget_name"": ""XGBoost"", ""node_name"": ""XGBoost分类器"", ""node_params"": {""booster"": ""gbtree"", ""learning_rate"": 0.3, ""gamma"": 0, ""max_depth"": 6, ""min_child_widget"": 1, ""max_delta_step"": 0, ""subsample"": 1, ""sampling_method"": ""uniform"", ""lambda"": 1, ""alpha"": 0, ""tree_method"": ""auto"", ""scale_pos_weight"": 1, ""updater"": ""grow_colmaker"", ""process_type"": ""default"", ""grow_policy"": ""depthwise""}, ""matched"": true}]}","{""dependency_requirements"": [{""edge_id"": ""2474"", ""source_node_id"": ""2978"", ""target_node_id"": ""2980""}, {""edge_id"": ""2477"", ""source_node_id"": ""2976"", ""target_node_id"": ""2978""}, {""edge_id"": ""2478"", ""source_node_id"": ""2978"", ""target_node_id"": ""2981""}, {""edge_id"": ""2479"", ""source_node_id"": ""2981"", ""target_node_id"": ""2980""}], ""step_requirements"": [{""node_id"": ""2976"", ""algorithm_step_name"": ""Tabular Dataset Loading"", ""node_name"": ""鸢尾花示例数据"", ""node_params"": {""type"": ""sample"", ""filename"": ""iris.csv""}, ""contrast_level"": 2, ""node_type"": ""io""}, {""node_id"": ""2978"", ""algorithm_step_name"": ""Dataset Division"", ""node_name"": ""数据划分处理"", ""node_params"": {""sampling_type"": 0, ""percentage"": 10, ""n_samples"": 15, ""replacement"": false, ""n_folds"": 10, ""selected_folds"": 1, ""replicable"": false, ""stratified"": false}, ""contrast_level"": 2, ""node_type"": ""preprocess""}, {""node_id"": ""2980"", ""algorithm_step_name"": ""Model Evaluate"", ""node_name"": ""模型评估"", ""node_params"": {}, ""contrast_level"": 2, ""node_type"": ""evaluate""}, {""node_id"": ""2981"", ""algorithm_step_name"": ""XGBoost"", ""node_name"": ""XGBoost"", ""node_params"": {}, ""contrast_level"": 1, ""node_type"": ""model""}]}",0.4
我的数据集没有缺失值，所以请你帮我删除掉缺失值处理这一步，然后把数据抽样的比例改为7:3，最后帮我添加一个可视化混淆矩阵的步骤。,0.2,14867,"{""edges"": [], ""nodes"": [{""node_id"": ""3050"", ""widget_name"": ""Confusion Matrix"", ""node_name"": ""混淆矩阵"", ""node_params"": {}, ""matched"": true}]}","{""dependency_requirements"": [{""edge_id"": ""2556"", ""source_node_id"": ""3047"", ""target_node_id"": ""3048""}, {""edge_id"": ""2557"", ""source_node_id"": ""3047"", ""target_node_id"": ""3049""}, {""edge_id"": ""2559"", ""source_node_id"": ""3048"", ""target_node_id"": ""3049""}, {""edge_id"": ""2560"", ""source_node_id"": ""3045"", ""target_node_id"": ""3047""}, {""edge_id"": ""2561"", ""source_node_id"": ""3049"", ""target_node_id"": ""3050""}], ""step_requirements"": [{""node_id"": ""3045"", ""algorithm_step_name"": ""Tabular Dataset Loading"", ""node_name"": ""数据"", ""node_params"": {""type"": ""sample"", ""filename"": ""iris.csv""}, ""contrast_level"": 2, ""node_type"": ""io""}, {""node_id"": ""3047"", ""algorithm_step_name"": ""Dataset Division"", ""node_name"": ""数据采样"", ""node_params"": {""sampling_type"": 0, ""percentage"": 30, ""n_samples"": 15, ""replacement"": false, ""n_folds"": 10, ""selected_folds"": 1, ""replicable"": false, ""stratified"": false}, ""contrast_level"": 2, ""node_type"": ""preprocess""}, {""node_id"": ""3048"", ""algorithm_step_name"": ""LightGBM"", ""node_name"": ""LightGBM"", ""node_params"": {""boosting_type"": ""gbdt"", ""n_estimators"": 10, ""learning_rate"": 0.1, ""sampling_rate"": 0.1, ""max_depth_check"": false, ""max_depth"": 3, ""num_leaves_check"": false, ""num_leaves"": 31}, ""contrast_level"": 2, ""node_type"": ""model""}, {""node_id"": ""3049"", ""algorithm_step_name"": ""Model Evaluate"", ""node_name"": ""测试得分"", ""node_params"": {}, ""contrast_level"": 2, ""node_type"": ""evaluate""}, {""node_id"": ""3050"", ""algorithm_step_name"": ""Confusion Matrix"", ""node_name"": ""混淆矩阵"", ""node_params"": {}, ""contrast_level"": 2, ""node_type"": ""visualize""}]}",0.3333
帮我把加载的数据集换成房价示例数据集。然后，把KNN模型给我换成XGBoost模型。,0.0,8475,"{""edges"": [], ""nodes"": [{""node_id"": ""13595"", ""widget_name"": ""LightGBM"", ""node_name"": ""LightGBM"", ""node_params"": {""boosting_type"": ""gbdt"", ""n_estimators"": 10, ""learning_rate"": 0.1, ""sampling_rate"": 0.1, ""max_depth_check"": false, ""max_depth"": 3, ""num_leaves_check"": false, ""num_leaves"": 31}, ""matched"": false}]}","{""dependency_requirements"": [{""edge_id"": ""2562"", ""source_node_id"": ""3051"", ""target_node_id"": ""3052""}, {""edge_id"": ""2564"", ""source_node_id"": ""3052"", ""target_node_id"": ""3054""}, {""edge_id"": ""2567"", ""source_node_id"": ""3052"", ""target_node_id"": ""3055""}, {""edge_id"": ""2568"", ""source_node_id"": ""3055"", ""target_node_id"": ""3054""}], ""step_requirements"": [{""node_id"": ""3051"", ""algorithm_step_name"": ""Tabular Dataset Loading"", ""node_name"": ""数据"", ""node_params"": {""type"": ""sample"", ""filename"": ""housing.csv""}, ""contrast_level"": 2, ""node_type"": ""io""}, {""node_id"": ""3052"", ""algorithm_step_name"": ""Dataset Division"", ""node_name"": ""数据采样"", ""node_params"": {""sampling_type"": 0, ""percentage"": 10, ""n_samples"": 15, ""replacement"": false, ""n_folds"": 10, ""selected_folds"": 1, ""replicable"": false, ""stratified"": false}, ""contrast_level"": 2, ""node_type"": ""preprocess""}, {""node_id"": ""3054"", ""algorithm_step_name"": ""Model Evaluate"", ""node_name"": ""测试得分"", ""node_params"": {}, ""contrast_level"": 2, ""node_type"": ""evaluate""}, {""node_id"": ""3055"", ""algorithm_step_name"": ""XGBoost"", ""node_name"": ""XGBoost"", ""node_params"": {}, ""contrast_level"": 1, ""node_type"": ""model""}]}",0.0
帮我把连续化处理换成特征选择，KNN的邻节点个数改为7。,0.2,7741,"{""edges"": [], ""nodes"": [{""node_id"": ""3070"", ""widget_name"": ""Select Best N Attributes"", ""node_name"": ""特征选择"", ""node_params"": {""n"": 3}, ""matched"": true}]}","{""dependency_requirements"": [{""edge_id"": ""2576"", ""source_node_id"": ""3067"", ""target_node_id"": ""3068""}, {""edge_id"": ""2577"", ""source_node_id"": ""3067"", ""target_node_id"": ""3069""}, {""edge_id"": ""2579"", ""source_node_id"": ""3068"", ""target_node_id"": ""3069""}, {""edge_id"": ""2580"", ""source_node_id"": ""3065"", ""target_node_id"": ""3070""}, {""edge_id"": ""2581"", ""source_node_id"": ""3070"", ""target_node_id"": ""3067""}], ""step_requirements"": [{""node_id"": ""3065"", ""algorithm_step_name"": ""Tabular Dataset Loading"", ""node_name"": ""数据"", ""node_params"": {""type"": ""sample"", ""filename"": ""iris.csv""}, ""contrast_level"": 2, ""node_type"": ""io""}, {""node_id"": ""3067"", ""algorithm_step_name"": ""Dataset Division"", ""node_name"": ""数据采样"", ""node_params"": {""sampling_type"": 0, ""percentage"": 10, ""n_samples"": 15, ""replacement"": false, ""n_folds"": 10, ""selected_folds"": 1, ""replicable"": false, ""stratified"": false}, ""contrast_level"": 2, ""node_type"": ""preprocess""}, {""node_id"": ""3068"", ""algorithm_step_name"": ""KNN"", ""node_name"": ""KNN"", ""node_params"": {""n_neighbors"": 7, ""metric"": ""euclidean"", ""weights"": ""uniform""}, ""contrast_level"": 2, ""node_type"": ""model""}, {""node_id"": ""3069"", ""algorithm_step_name"": ""Model Evaluate"", ""node_name"": ""测试得分"", ""node_params"": {}, ""contrast_level"": 2, ""node_type"": ""evaluate""}, {""node_id"": ""3070"", ""algorithm_step_name"": ""Feature Selection"", ""node_name"": ""特征选择"", ""node_params"": {}, ""contrast_level"": 1, ""node_type"": ""feature engineering""}]}",0.3333
